version,name,statement_count,statement_sha256_utf8_newline_joined,created_by,has_idempotency_key
20260211212344,,1,9ef011b1bc3489b2ddc787e0fe5d49f0bf4aee3c9651a09267ad1684e1550cbc,apikey@lovable.dev,false
20260211213426,,1,cc019326be31af080cecf7cc1e742ea1130778da3596ebf7353b0e6ecec78f52,apikey@lovable.dev,false
20260211222620,,1,d2b403fa030b79e1963fb404d675df24968eaeb366375d04837e725bf6909d93,apikey@lovable.dev,false
20260211222634,,1,f8e8b64788ec3d2fe75f4b8db3c7c051345121b02f364633db590fa22a9e0a5a,apikey@lovable.dev,false
20260211230008,,1,1899486ad8be5d92f085a11336392434b700f30684b91c8bb5f0318eab3ad93f,apikey@lovable.dev,false
20260212092159,,1,b5cefcd750253da177133397865a565089257b93f30cd7daa135fa993c27c440,apikey@lovable.dev,false
20260212092959,,1,cd2b9db33303c6b06fe5fb5cee9ebbbd74325cdbcd5df694488633fb0a78036f,apikey@lovable.dev,false
20260212095634,,1,424c40b6350b9f66a3f91ca2cfbb4e6651a033eadfa08c52f147cc262505b718,apikey@lovable.dev,false
20260212101935,,1,ea271b8e08c7c8348bdcff81c6f1b73d9af9688da995fd59c84f66750e5ea7e7,apikey@lovable.dev,false
20260212102923,,1,589636ebb0e07129c371ec328b0707d58cc4545d3bb139232ee027bf6139fd84,apikey@lovable.dev,false
20260212104049,,1,bae6d392e67c02c76008c545923a6662aa221683de6fd85637d20cb570f19942,apikey@lovable.dev,false
20260212104723,,1,6c2e0b95b478c78a950df3dad09077dae766d94fc8908a0b0a68a11cb14b2e8c,apikey@lovable.dev,false
20260212135927,,1,453f6f065832104bb48059d5d65363ca582620dd1a95dfbd4882de4ba72e685c,apikey@lovable.dev,false
20260212170445,,1,44828657c8ffc7edc4c53f6121efcd2c3cd1dc4fc42e075f73fbcfb824a59077,apikey@lovable.dev,false
20260212171313,,1,9ca6313ff06f387de485a741c6a7f78d5d54bbbdbc38e3ffef15378e22a31c17,apikey@lovable.dev,false
20260212171711,,1,28ac108aa298747bb41e810a8151222c7cafa10673533df56227e2b0b6db47af,apikey@lovable.dev,false
20260212171757,,1,4e56f63b0c7552de8821004e67c5fe58d08f7194058c6feffedc4b1a79d1d172,apikey@lovable.dev,false
20260212192940,,1,15ebe6da6ec96b4e2a3a434e648a1d21a7b2cbf7a26b6ab884a0bc417a806e54,apikey@lovable.dev,false
20260212194158,,1,52627df6960d2e2522477a1f462bed7a5b41db52454fea22efca2a5f4a3902aa,apikey@lovable.dev,false
20260212204224,,1,4def76e1a134489c2a0bafae323f1a716ab73386c5e06f67fd4a0c247745ad52,apikey@lovable.dev,false
20260212205329,,1,99b707823f0d1b53370aea6b49ef6c56162859afe3646ccd16269909814819e2,apikey@lovable.dev,false
20260212205612,,1,f59a5bbac742ad6ed0301f75d9441dde63cab0635a70fee2af94a64b95384496,apikey@lovable.dev,false
20260212224151,,1,41b6a5dcd8a299f4948f0d3d1b6d9c100cde6de1bc50846d37fc51acf27fb177,apikey@lovable.dev,false
20260213094538,,1,26bc4effa18af66731188c5d2713a4fb55f8342cf31c6f83dad9010a3a33b587,apikey@lovable.dev,false
20260213134441,,1,1c12f5113d94c06e8f11c1247da97a2de30a27caa447305e7ed69368c0d8efba,apikey@lovable.dev,false
20260213142629,,1,261e972d8b95e09d941f72549b79dcdb24dc3c686f8d29ec5efae0453d42b46f,apikey@lovable.dev,false
20260213183730,,1,d531706a89874ef6b8e5f2bd3127015f3b62e1c714f179583c60f4571cefd84d,apikey@lovable.dev,false
20260213214740,,1,2c777b9feeb5bcf0889bf5d06c0c4a2dc6f640a8b65d90de5c0f59d59ab91285,apikey@lovable.dev,false
20260213221110,,1,05723de19a30e966111a62eb14fc16832a1c30392c4baa8cde6be75b9169fdc2,apikey@lovable.dev,false
20260214214448,,1,1ff57e185a4a8ed2d8f540cf61cd8786dfd1bfef2d4a14562d29ac5306a35e55,apikey@lovable.dev,false
20260214223611,,1,7c31b5c344b17394cddfcbeea040c142148a2ec23f25ed980987cf04f7d05892,apikey@lovable.dev,false
20260214225832,,1,172a069027e4d39872f860b5b8019bcbda3915fc2d70e5be398ea8c1972276d9,apikey@lovable.dev,false
20260215002150,,1,90a340075ba7ac8f5159272265175b56506dc1a0e6e770010990005a7f40ca41,apikey@lovable.dev,false
20260215091227,,1,a331a8ae18e7db96598f20b1c41895d76aea154573834112d5d570e51f4ed359,apikey@lovable.dev,false
20260215220546,,1,166e324c09e1a3234212b2886d8476d5654819bb886650a0d5e763ac607960a6,apikey@lovable.dev,false
20260216173101,,1,a6a9e035cc24528926ad7ee8adbdf90f734efbbe4a121814f781993c21c1da65,apikey@lovable.dev,false
20260216184140,,1,e93d5ac170d9d0fe852f3833917ea2964f6582273caae789a39a049257d037e6,apikey@lovable.dev,false
20260216222035,,1,a25b3a8972a4846e753b81a3e7f2d8d9e1eded3e9bfe69d89b349b3201a0402c,apikey@lovable.dev,false
20260217220341,,1,4764de2a32b5a7619b7dea78cd2d4c861b947d31b84498ada4f7cb4aa0e4e0e1,apikey@lovable.dev,false
20260217221230,,1,1a79d2832d45ef24328854f4b7c4dfb04dc29c9b5a7a9954a6886a742e52802c,apikey@lovable.dev,false
20260218080635,,1,76d610c2a93f5815876ac2826073ca99dfed44d42cc349048ab2be13ecb60ce4,apikey@lovable.dev,false
20260219133302,,1,289b5e166c8c067dea10b90a94693dd65fd7065804226415c620cb6999a692ed,apikey@lovable.dev,false
20260219140122,,1,105350feeff786b97b014f5e4c7c67897bb10521eab7a4082ce9f6732cc938bf,apikey@lovable.dev,false
20260219140203,,1,67e44fb705fb5e48ac19e6a72313f5a27cde5da3fc96f392d93c0e9c4c5a42d7,apikey@lovable.dev,false
20260219163325,,1,266d67de83bd2100d835bc86a89196eb19b9262419a855b129c84dff51248281,apikey@lovable.dev,false
20260219211105,,1,ac4ced697b86dde39f35e4b33cb5cf117a146d92a31fb4ad06c6a0643376a49e,apikey@lovable.dev,false
20260219214747,,1,6847326a8ff6d0701b684221e6cbc71ff13ff8c2bd8a078b3babfcfcd664a4cf,apikey@lovable.dev,false
20260219215455,,1,9054b5dac235fd0e9e2722d567772edd2f094c51b17b1d64e15e03c2c415d095,apikey@lovable.dev,false
20260219221542,,1,2cf9481c14fca78f8bd5ca896251506689b757c115d093548952ab8585b6065f,apikey@lovable.dev,false
20260219221837,,1,56125d6919c7436fc737c3f12857224fa6d66f162ea4ab5c2ad5ab90df52cdd8,apikey@lovable.dev,false
20260219224347,,1,78cde3bdca533c2e7ef5634772493a7d8bfa6ca1a499656bb6c09effeaa48268,apikey@lovable.dev,false
20260220001650,,1,259a9ed79945c101facb1ce2632ed0bdf1b6302a5470c79ad21dc6147af12ae5,apikey@lovable.dev,false
20260220110011,,1,f7ad7e447625741fd0c1fd8faa9f6e59e9ad961f40a88fb4f3ddf7b781135d98,apikey@lovable.dev,false
20260220125718,,1,b3024e96afa1bfdb8fd2cb85a2604cfd79fd68ca1a780bd4ded121320db34030,apikey@lovable.dev,false
20260220164856,,1,de4f2a6a4835f0ae3e65a3fc9c8e5a9bcdde252bc8d10d7f7a26d00f790dd97d,apikey@lovable.dev,false
20260220185537,,1,b2635e60ab4c8219ec35ca4833dd2af380906d323181fe97fc4057fae679215e,apikey@lovable.dev,false
20260220191654,,1,c4394d53fdcbcb03557a20bfad59034f39f16813d18c3d817c906e6afa043284,apikey@lovable.dev,false
20260221073515,,1,504f667dfb04eed15cc4c53aa27ed6c08334ff82492b2b29086258be79996360,apikey@lovable.dev,false
20260221220028,,1,f3c94bc73cd4930df7621f7e14e2f7a94629c6e8b4b1431d72558f18f4a097ce,apikey@lovable.dev,false
20260221225521,,1,7d1d52b65b93ba92de0c3062865f82483e53c3d408a1aa6939e5d84c5f0956e1,apikey@lovable.dev,false
20260222170544,,1,7996e91048e4d4a6343403c3eda6a2420086109b5d5dc34cfa70bd52fda1735f,apikey@lovable.dev,false
20260224122018,,1,cafd509caddff1423a664a59834671690dad1938f63ad6c88d83822a02a0a4b1,apikey@lovable.dev,false
20260226104844,,1,79614752d3193c07426c70659e505c5083df9524804bc07d4da4d3932346dd75,apikey@lovable.dev,false
20260226115216,,1,7980d443bcc81f7e73f617672bb588f01ac6851f6ee27cdbf2f87567458187ca,apikey@lovable.dev,false
20260227140858,,1,86fb75d55806f525f877abff5614345b1423de5ea087ce255e8fd89941084809,apikey@lovable.dev,false
20260302163720,,1,db1bb3f01918a2d5f3d36921eb937f5bfe2045c2ccf1eeee2eef9246305a27c1,apikey@lovable.dev,false
20260303112700,,1,3f52d248986eb3d4d772df999a77f7c5a40edde5face327241658f866fe1194e,apikey@lovable.dev,false
20260303171954,,1,4a91f1688611c66e946a8c975c8cb75f4e88d4f2684f6fb7a81241e7f64a77bd,apikey@lovable.dev,false
20260305230151,,1,93ba46a6421e07bb71b0e42ef4e5fc752305198db5c2e9110c3e4b1346c80236,apikey@lovable.dev,false
20260306005655,,1,e5a325a45ffdb46c893c293535e724dbdf7f9fd98bfd47fa4643581a5219fd53,apikey@lovable.dev,false
20260306015634,,1,54d239da773e4025c01abd808353efc1b268773640946a353fde34dfc0bae7f6,apikey@lovable.dev,false
20260306183609,,1,2d9d19b0467da2b9faf32b560c7cbb7e8b9839e31930ec114865b86065e074e8,apikey@lovable.dev,false
20260309130155,,1,50af9ca0c317887e052fa36a91a7b35ba6162aca907ed7d34e760099439cf752,apikey@lovable.dev,false
20260309185341,,1,c5f82103e7340a3829f35f16c666bd7b8b9490364b1e21dacbdebe1e0a47643f,apikey@lovable.dev,false
20260309203356,,1,dccee99c7165b440905dca56b3d017941791660221f8f50adb9d338d73a54c8e,apikey@lovable.dev,false
20260310014357,,1,8c114b179e9f4b6944947ad1bfd313edadf91d3a142c145792391b31d9112ae7,apikey@lovable.dev,false
20260310134907,,1,a3087c9a3aa3c9a9e04757feaa7f8db3f811b1a583d84d712314b0759f194c0a,apikey@lovable.dev,false
20260310192633,,1,85770596d784f3a2b767c153a159cff0bcde4dc34634684f8115ffcae5531152,apikey@lovable.dev,false
20260311104111,,1,9bf04580bd45789a091b10365dc8ba2dd52c750ecf2b0f1ba6fb950390cf94ea,apikey@lovable.dev,false
20260311112712,,1,30445c0d0966ccb242777c736eb26e69f0e2abf1a7f2518a6f88858b9f1170e1,apikey@lovable.dev,false
20260311115902,,1,46698806581a63d2d120817ae4ee8dab817d8a3bd88cd0d57bf611c94d3d3dea,apikey@lovable.dev,false
20260311141647,,1,5aead4f029fccb7ff9edfff98b34e65d9aa6f4ba9217be1fc0e9daf9d58b4663,apikey@lovable.dev,false
20260313164024,,1,28322bfb263057e2990b8e0edaf3e3fd6568da25b5a9ab1f6db11fbf24813c47,apikey@lovable.dev,false
20260317091700,,1,f070136f583ca1a37a1991bcdff21b78bbf679f34d2072cbde1e015c0581d505,apikey@lovable.dev,false
20260317092906,,1,2a15cc1046ce650b880f1464c859cadcd0553cc51bfc539a47c3c6184ad0ce67,apikey@lovable.dev,false
20260317094519,,1,1a2219e7e1759f3869e92e156c81397c21c7cc6a1129a9a0c13f0cbe17f2e9f1,apikey@lovable.dev,false
20260317101117,,1,71a8e60a28cbc147e0989cad027f22b0bba4675ef76bdba01190a6d222dd5330,apikey@lovable.dev,false
20260317101223,,1,216746266d8ff5e8bd7596310338744c4bc49dba2b60a83842b3a7611ecfe4df,apikey@lovable.dev,false
20260317103205,,1,2026ebd4845e01e72c6fda9f9ea481436a5f703c016f313afaf748bbfa56cd85,apikey@lovable.dev,false
20260318063913,,1,f67ea880400a74ea5e501dfaf1fb7f36a6e50108327a94fe91c5ce077388adf2,apikey@lovable.dev,false
20260319081341,,1,af150ffd158826549fdc8c213430f2c9f3239e8e508f5e92af6b3c7d328b07c3,apikey@lovable.dev,false
20260320095613,,1,95f5ee05edfee4dc209e686a246dc0039c8798ec2e4dad4be4828b8a19317951,apikey@lovable.dev,false
20260322001445,,1,5d9d7a18831b5c5e5128f874deeabb19b42d1da6ed9dd7887c5f243ebeca2971,apikey@lovable.dev,false
20260323004551,,1,f88e6f11eb23972af64e1a5d7a9da0ef45f085a55cf9b1ce8ad4cca565495d55,apikey@lovable.dev,false
20260323114453,,1,51c2b5e497e8bee7c3699fded35802ae3dd4e27dcf315334a22b0db2140071d7,apikey@lovable.dev,false
20260324222446,,1,a184a07620db317bf7d7edd0e119f60dbb788deb948dc487af4ea33a3fe36be7,apikey@lovable.dev,false
20260325000539,,1,0fe35f0f3bc5862d89edf199bb4d931c020428ac6f0817a52a17f136e3c49393,apikey@lovable.dev,false
20260326230335,,1,85df2fcff0ea809eb9616e04252309f86851d3b08501b23990c748fc9077084d,apikey@lovable.dev,false
20260328211021,,1,b32827e0c86cc5320143718c22a44a706ccfb0b3e6e2fb89bc34621a0c8d7738,apikey@lovable.dev,false
20260329075003,email_infra,1,60c1d9272247809472f5c9cce79c43be36c84db2c7ea007ce3bd85e1c744d33c,apikey@lovable.dev,false
20260329075051,,1,0c11de126ad5961990186519ac80898cf4834a4174565dea5bb998fde7f949e9,apikey@lovable.dev,false
20260329161717,,1,a1104ebf4b15fde934249d7d2a73c979dda11133d4401684ec8dfeb083bdd49f,apikey@lovable.dev,false
20260329161852,,1,9f0c2309434a3a870475d00203e98f720508d57766fb2239883c18b2dbbaf352,apikey@lovable.dev,false
20260329162527,,1,8a52a565b9762d8793d5f3ba166eb433e64dee575ea82f70d4a3095e548966fc,apikey@lovable.dev,false
20260330000757,,1,4bd7b4bba5b6e11040f1f6fab9911bd7a6d45b821495ea37e8600b296b7d17fd,apikey@lovable.dev,false
20260330004544,,1,af9cec3a940f405f7f1ce35d8eb25908824bc6d22436c3c2e6002656c6820fd4,apikey@lovable.dev,false
20260330113623,,1,690bdba5036d3725a3730c48548500f635430a8447e49a6106f5e32a3feebade,apikey@lovable.dev,false
20260402002617,,1,f20545fca877f2bf7b88ba6debe3f9a5214506de348e48e2a904349c3f735628,apikey@lovable.dev,false
20260404064317,,1,b7c66f123403b4b620dd7963567e40da55f41a1c76884723d347a9b7a4b5e125,apikey@lovable.dev,false
20260404123211,,1,447145daa8058c7e83abdbba3c8c3e4ef515ee394c4b9c3d9f10770fcb898a62,apikey@lovable.dev,false
20260405100629,,1,518d024cc1c505eb25645e35f4de683803389f65cbe5d3dce60a3e4b30334382,apikey@lovable.dev,false
20260406062929,,1,2170f1e563a18374bec2d17008df0368a7d3bc4ba31d7603d7b07e07a87a9a69,apikey@lovable.dev,false
20260407104321,,1,4e4e414b0f1ab0799b314cc2a280eb6aeda87dfe87c6cf2b3dbe5fc9a70d9bd8,apikey@lovable.dev,false
20260407205832,,1,622c231bd47b66b1d75a0524cdca82af743671e5a9cebc2dd70a47676607d7b0,apikey@lovable.dev,false
20260410125549,,1,bbddf45cf8928247b37c3bc02f65e09887954d1b929a6db6354e859c7dce85d1,apikey@lovable.dev,false
20260410130036,,1,c2609a39b6ab3503ce72860330bf88c1aba201670bfec3c9e7acfd1d0ce118cc,apikey@lovable.dev,false
20260410131018,,1,a779b3a3c6974bc9608bd642cdaf661edb4aa284a484b73193fd6c922d04ce28,apikey@lovable.dev,false
20260410131056,,1,80cac9c2b2ca915ba60a260cf13dc218ed24ea349cf9f7f84bd8468ee7ffa281,apikey@lovable.dev,false
20260410171532,,1,d3517d4c40ac66b1161fe5c6e922128ab1f6791dad620e22472f73af92db8f71,apikey@lovable.dev,false
20260413173558,,1,c982901e2b86f240d81bfd43a2b662c99f5baa3ba9fdbebfe727656169bfe58c,apikey@lovable.dev,false
20260415113402,,1,6c46474a68541e77f1570dcfa427c45fa1336750a36d07329d1ac43fb95e378d,apikey@lovable.dev,false
20260415195613,,1,46cfe9ff2444a2b3af859136495312ff0cfcd7be39b72522a1bcbddd137be3f0,apikey@lovable.dev,false
20260419002829,,1,c944a94d36e531b1ae021d1ab1398d76688be62fb7eb5e72915085c34f20afbf,apikey@lovable.dev,false
20260419223038,,1,5e4913e33fe9908f7a5b066e922957598ec7397f2b8ee473e4f237a67216d2ee,apikey@lovable.dev,false
20260419223402,,1,37f91a79e2abb8b958099aad076b545db75ec3f3f260425395138bb60e7ae2f3,apikey@lovable.dev,false
20260419224152,,1,a9940cb16b1c1c332e5a51363e66562994a44167418b193bf43cfc2e6d386f0d,apikey@lovable.dev,false
20260420095639,,1,8491385cf98db71671bec541c8d14f88c83154ecee9b524869f2d6093afc7cbf,apikey@lovable.dev,false
20260420112153,,1,ffaef79e66f541e5f01d4cf3e7fa83ef1fa4bcf5523591f85df00b88d9ea1094,apikey@lovable.dev,false
20260421100515,,1,2bb9f33a170f6e0a2eb459afbc5242f3c0962f3176fc6478987d104295845733,apikey@lovable.dev,false
20260424054854,,1,40ee360d59b3a7ac83b8981a549c740e17a2e506acc15f0ed933590642dbaf3e,apikey@lovable.dev,false
20260424062213,,1,f86b1f3f4c58ed14d6f9bbf2ad0f443daa4dd59d01656754100d1e3740f2b0a3,apikey@lovable.dev,false
20260424064308,,1,00720f666d5557ce528c0f39ec7ac0957d9235575aef0decfbcfb4a0d4dc9250,apikey@lovable.dev,false
20260424065828,,1,7b71b5e9b4be69d52fa33402634e385f6aa68aa7f4bbdf5272977bc889cc7184,apikey@lovable.dev,false
20260424235026,,1,becd39a75c88e47dc0e2f6b59d9a3b5693615171f6b132f106deee731dfe2a06,apikey@lovable.dev,false
20260425062043,,1,87c273d98f1497697199c266605ac39c4fec7fb2f3597827cfd7c4f85cd86ace,apikey@lovable.dev,false
20260425082948,,1,0a8690cf58b6ab07b2da26f770603f9731179699a6ef8311546533420e018d54,apikey@lovable.dev,false
20260425083918,,1,e262d1543c3ad292c78f1150e613b594ee3225a731673f6f735eeac41b81b323,apikey@lovable.dev,false
20260425112605,,1,0e59e6556edcc64c127d665d953a252dedfac71d639021dffde5c3f0e16d8761,apikey@lovable.dev,false
20260425115633,,1,d75220916d436223ea54f15f30cbb24160024950491b60267196a69fb6175b61,apikey@lovable.dev,false
20260427093922,,1,3d6d2aecb6bc6c3c1cb0df2dcb44b6fd8ff7f5fda214c0cc807e6c33ad174c23,apikey@lovable.dev,false
20260427203753,,1,68014ac13fc2a85925751363a153503237d13f3aafd581035a4a7f427a8dc103,apikey@lovable.dev,false
20260427215509,,1,38658d1b380e0403c18a4a34aee004304ee66257f9008cb6be6b209a31b2fe5f,apikey@lovable.dev,false
20260427222239,,1,5320d16bb8e93b5e70cf341d0d3850c1c4c68956a37186ee415ebe2cb30d5efc,apikey@lovable.dev,false
20260428071320,,1,fc92ff4d7c047b74813bd88a64e4f4599e3444174f3f00b95954ac1a4e4315ec,apikey@lovable.dev,false
20260428074534,,1,4c3e685644e382cf266037f8b6afada787bdd83b4f8b9777dc44560a26ffbc47,apikey@lovable.dev,false
20260428074551,,1,43d07db76bdf2dcd338850c8aaff77789bcf74bbfefcd3fda44f4efbe26f7e0f,apikey@lovable.dev,false
20260428113534,,1,3f80fbbbd3a8c65dc6eb0ccb3dd415615409297be291af72242899c24ed6e789,apikey@lovable.dev,false
20260428234012,,1,38403c9befb6f87eca8193135afb03efc114c713f4de35c8d6e43f15e680148e,apikey@lovable.dev,false
20260429000456,,1,fbc90b7a8b72311346d4ae436371646197556e36603a21151f182cc67090d00b,apikey@lovable.dev,false
20260430152827,,1,9d868de9f6e8441df497b7818c9a6f150c4f4dbe8891c434369cd8ce618c2e89,apikey@lovable.dev,false
20260430152859,,1,2b992ddb58918e4df41edee8e17888a404527534784a85667f12b4f52a8a4f6d,apikey@lovable.dev,false
20260501093543,,1,33a9dd680ed05f0dff08a15664019344cc4c0eb1b86a14cb05ab8df7a17c1d97,apikey@lovable.dev,false
20260501094333,,1,f1948e0893d8e040fee5087b045360c53487e66ce5c4f1cca3994665714a5c3c,apikey@lovable.dev,false
20260501215209,,1,c0179cf0dde8a467f1486d1a4c67c65bc5db8beff2a2ccb5be6b678409babd39,apikey@lovable.dev,false
20260501232049,,1,53ac4f1479ee1f229fa90bd46c9b08607715a6348f4c89a18db4a2f240b75a8e,apikey@lovable.dev,false
20260501232219,,1,fc446917b95f7105c7b955d879ec6325e42a8be41c289869c57903ff8449da8b,apikey@lovable.dev,false
20260502133106,,1,fae551cda53a173dbe0569543210e0729964f2cc12a9a2cb119efc69119f800e,apikey@lovable.dev,false
20260502133806,,1,2cc94e48af7b1e863cd61e6604491582218a5b0216333e19a44a5d800ef3c91e,apikey@lovable.dev,false
20260502133904,,1,9f50cc669c49e579497195a0518a162f5a47bbdec13b87382983173799bc661f,apikey@lovable.dev,false
20260502133945,,1,8172e89d973b3b5f27f7bf0bc1d1eba75e1610ac2538e7c43a51d4d3b02b0704,apikey@lovable.dev,false
20260503001342,,1,0974d4ebcbdc0eea2beda85e4c1b1ca511b002da8ec41ee574ad5c3aa5485d22,apikey@lovable.dev,false
20260505074545,,1,1046963a28031ec113fbfc9d2cb24365b08bfd6a7614bc5612b03d48bf609137,apikey@lovable.dev,false
20260506004011,,1,beefbadfde6d6a63718fa03b5080fb6ae4be70bdb9483baec358f931461845ef,apikey@lovable.dev,false
20260506004147,,1,0df3e9a081c12efbc60a9fb61a5f3af49417d11fe74382f793a98f6c35084fff,apikey@lovable.dev,false
20260507092909,,1,60857b633a0c9f380257521af57adf863c141d94be21747fcb5cd5453669aa5f,apikey@lovable.dev,false
20260507094601,,1,477539f084dbbeb9e67c33b67602f162661990e682fca6bf82867f5cb3fbb74c,apikey@lovable.dev,false
20260509220710,,1,0e8b99cc0da9b4c868542bf53f232bc33ff7de53a04b227d23976dac5704f31c,apikey@lovable.dev,false
20260510214908,,1,8bb152c9a1b9ca3a0aed094eb4d80aca8069ebfc5a525fc6c84fa76456ac41b5,apikey@lovable.dev,false
20260511100537,,1,87989114dcb315eb1b0c6b058ae9304141ba74609b3a2d163a8f3eb18ed31a4e,apikey@lovable.dev,false
20260511100550,,1,095d75bff1b941d11dd68126dd118eeb8a2846b0b08934e4340ffca4e7534c2c,apikey@lovable.dev,false
20260511100733,,1,f31e92b38c4ae891f359cedc63fa111d1d9d58f47394f8378a0a99f68c5c58a8,apikey@lovable.dev,false
20260511104401,,1,5b9da0fab4092861f395ee3c66057c80bf0d3b3ec5ab00a1e6080042e6e5e083,apikey@lovable.dev,false
20260511110341,,1,f6c02bb0545daa82ed98cc8a401528b37a4ae5e5f1348c664abe5fe1d149b2bd,apikey@lovable.dev,false
20260512095053,,1,07f2cd8eb2cef54c9c749ef996b286a69cade7e1e59ae65c45a4ab3099877b57,apikey@lovable.dev,false
20260514082406,,1,094266596a3e20f31b58f22f6d094b2a404f45008e7514ca66a7dd608366caa9,apikey@lovable.dev,false
20260516222139,,1,f6b971c56277efc2cc5d04f765834da65d270d682590f6729b04d4c627b20eff,apikey@lovable.dev,false
20260517065241,,1,95bf5c487d356fbf55dbd79117adf89592eb08b99b520a7eb35ce8bdc0093858,apikey@lovable.dev,false
20260522222429,,1,814c08f3cb674a3cc23a17bf57e74d6ca69c7f4e6bf063d515a029a1cc050fd3,apikey@lovable.dev,false
20260526122742,,1,066282af254d1ee510f504ca2618510276648d7e5879e509e6272e258912c140,apikey@lovable.dev,false
20260526123945,,1,8fe15e3fa4fc0163b162a76272a21f6fcf64499eaee70ba847f8187515da3827,apikey@lovable.dev,false
20260529215337,,1,d459c67a5acfb8e8ec22fa7824ed9ef23ec54319b83b7426188d1012a54fe341,apikey@lovable.dev,false
20260531195433,,1,b615b174150a8f530cb2842cfcf859891a6727ddad4f3adb4615e20c7006ebd8,apikey@lovable.dev,false
20260531203435,,1,3cfa6229754bf49613585a372b7cf327bf9eb72cf19479567576afdc4edaaba6,apikey@lovable.dev,false
20260531204824,,1,2e3b3166e25226bf14b951dc48b8142da0766a7cb0935e879ef6154671f6fcb3,apikey@lovable.dev,false
20260603232956,,1,be1fede23c6e29a58f4537721c24dca4c5667a8d39cb6bf34094c97916ae5bbe,apikey@lovable.dev,false
20260604010238,,1,43b857950a88f8a315891520ef3dd6cdb13d5b5f822a4df0fea81600d1a65e60,apikey@lovable.dev,false
20260605053710,,1,9966344789d035fbda323dcb7f02403600419de71be3deb886bfa0ee003a1167,apikey@lovable.dev,false
20260606074137,,1,7451f3d589e546cef8fe203627256e4698d326b09b0937c457b930b3ed738468,apikey@lovable.dev,false
20260607233722,,1,c918cf5624c40782289400a04432f0814f9c44d57c987645d3cc85a07ab91057,apikey@lovable.dev,false
20260609112515,,1,26cc9e48df252792a0022bc0cf43bde2544fc42079bfee3cfc06686614cf177f,apikey@lovable.dev,false
20260609112935,,1,0ab0dcca525411971ceceb62af6d6022b1d7ff64d935003fb773a585f95f25b9,apikey@lovable.dev,false
20260609224417,,1,e929eb56f273b1507638bf5e8afda07ba762f195f6a6aeae444a990127618f82,apikey@lovable.dev,false
20260609225140,,1,900c24a52092c9634561dd37ae96f3cb8d05d0cac83218ed2421a9427ac53775,apikey@lovable.dev,false
20260610063408,,1,c2d0f3bde9f639c09f0ed7fe25b76810ba57d3e6a51f764e2287502115077bf4,apikey@lovable.dev,false
20260610100421,,1,0fda3056b7ca3bb82a4a3680233587f37624e102f5f16c22ef5496ec06b13d04,apikey@lovable.dev,false
20260611090252,,1,93aaa688565703b9d8688bda0e76d2f4072c7fd865fe1ca87832dc91516c0f0c,apikey@lovable.dev,false
20260611091418,,1,6fae6fbadc1843b016fd4c685ab38f76a4222029a774fd1506b15835d22e6eb6,apikey@lovable.dev,false
20260611122749,,1,5e787c0df2f40852f4a891c7aef9346243047cfba44b0194cdbb57da39398943,apikey@lovable.dev,false
20260611124016,,1,40f96627d66a48b864bf645326b91e9fad00b9fe1b8c8c1aab69afecfad825e0,apikey@lovable.dev,false
20260612100031,,1,552b2672a84882eb9ffee184ede8cbfa0ecb650a7cec0864c150801e59a9b8d4,apikey@lovable.dev,false
20260612101142,,1,e3e58fa395df3d5498d617bde50fd8aea8e5ea5ea2991ff0526b61b4e2581adb,apikey@lovable.dev,false
20260618110029,,1,312ee724c10b25a269cab0df594a98ee1ab6b3db9ed1bfd670c4ba421317ba6a,apikey@lovable.dev,false
20260618125240,,1,eaf2c5c1651e63f91ca9ab5f4201db0fe621e339513242f2929428e14104cc7f,apikey@lovable.dev,false
20260619123328,,1,8c10fe566ceef5e26b548267bfc4f84fb788eb96b7247fe546f5277c73890f49,apikey@lovable.dev,false
20260621113556,,1,52a9923af86b07922230e6555b41ba380b242b925bd6cd35d2549e75ca13d4d9,apikey@lovable.dev,false
20260622114828,,1,622da3fd315902894c285d811b4ef6dacae58094680de683abd34c22f6089ce1,apikey@lovable.dev,false
20260622212520,,1,93dd9971ac74068e2b0fe971a63a023736d5887b5e0f23112e6eeca4a6249f92,apikey@lovable.dev,false
20260622222150,,1,d8d0b91463413af34c6ae493e09c0ce419c1171cd8654841875f5bc6adfcd6ce,apikey@lovable.dev,false
20260622234200,,1,daebe3ed89869058f29f201059a5c72bae5ed211db794acf3d8d87872d828d0c,apikey@lovable.dev,false
20260623000438,,1,6523f7a5f50cf144a54abf715b548a0fab1febbf3788ebe6f4329cc597a7770a,apikey@lovable.dev,false
20260623001350,,1,ba5728f7f777dd48093df5ece939d4704aa0daaa3fa35c7c0cf9d2a5f63f23f4,apikey@lovable.dev,false
20260623072203,,1,0bf5605c657b1458d9047f7be0fdad5cfbb25f20db209563b75e701da61d7346,apikey@lovable.dev,false
20260623073733,,1,d84dd91bb51ee64ac1795b04da248cca16e9f48fde1d4190b223c4d54f49337b,apikey@lovable.dev,false
20260623231843,,1,b123bd613ffa1ababa234a9e50221825f7c208a560ec52612519e43bc35c50fc,apikey@lovable.dev,false
20260623232551,,1,381c82f67ea24644945022cf0e690a1e7da80ca8afb6052e1f68a2d3fc74022d,apikey@lovable.dev,false
20260623233234,,1,99b12ef72b9802472e02d57d863a2c5ae52be97363eaaba2501188750dc909ef,apikey@lovable.dev,false
20260624095136,,1,366cb9453f2cb92c98db62579f5cff490c316b170b1d850e9c28cc726f96c5a0,apikey@lovable.dev,false
20260624200905,,1,0374b8929f5d31e19915ad1183dd03d7b0c46405424e06cbce7b2ad5e97b30e7,apikey@lovable.dev,false
20260624214205,,1,1e771ffc07df076b854dc9863f77c7de9f270f6887b5673f4f08ff9169c05c93,apikey@lovable.dev,false
20260624221924,,1,dc3b6a93e5565e0957c7811f172582d054f3386694c52d4cefc68aabd256da69,apikey@lovable.dev,false
20260625092928,,1,be16dc10198ddb1601717617911fb8c569071c05c199c2ee90e013f3f0b6167c,apikey@lovable.dev,false
20260625094745,,1,ffa8711b9e7398f930829ebb82a9580fba963397f021b1f5d3d6f392767282c4,apikey@lovable.dev,false
20260625111026,,1,3492cbb3945cfcbcb3d5fd625acb12f763e11fd19ab75343dbe22970752ece52,apikey@lovable.dev,false
20260625115619,,1,9177b2b01e70d5dc540874caa1ce3997c6fe691d35aa547ae014bafbceb144b2,apikey@lovable.dev,false
20260625184012,,1,0f7ce92a602ee35d81b086910ddadfb84812df350b9a6523e97f9890fc57b420,apikey@lovable.dev,false
20260626112927,,1,4fe399e3ea8a8a7351730f4b185c20c885a8fe2b222cfcb53b59e788f77055b1,apikey@lovable.dev,false
20260627000046,,1,6198c6421c2f975b32e504cb26ca5b41c4b77ed65cf10b0415b79f9185dcff55,apikey@lovable.dev,false
20260628124626,,1,29cda37b550a52ff090d7190446f789645ad6b189f5fa652bb23301715066a80,apikey@lovable.dev,false
20260629060823,,1,671f8b0d3327826505521ef4ac5c83fed7fbcc584abe49db77e2293933ab1066,apikey@lovable.dev,false
20260629074312,,1,f1001956d7f9c750636a348990fe2bd3952be05eaa928b340d775ad89eac33ea,apikey@lovable.dev,false
20260629080248,,1,cdbd65b52b98d1c85f0c8354aac658350f4a56e3ecc98aac7f4f28088f68ef22,apikey@lovable.dev,false
20260629080343,,1,a5e0b38a4837259e2418c7ea65c07f9f38fbcb16c07403abfae2450d0f474ce2,apikey@lovable.dev,false
20260629080509,,1,ee24c5739fa9db0391d422442205565b09de22df22232f8548a714b0f283eb5e,apikey@lovable.dev,false
20260629092404,,1,7206fc2f65b80a8f9722b79996fe8c5de13f554e3988289a76f5378029f6df88,apikey@lovable.dev,false
20260629191746,,1,a1803cc895ae565f11b97cc031c217896fb62b0a8802ca215395646b4bdc8331,apikey@lovable.dev,false
20260629213243,,1,d08eb02d5789b9b9463150ffeb8a7903283cc99448ddc55df933a6228a03aaab,apikey@lovable.dev,false
20260630062600,,1,8fe6235ff66cd5f718f4ef6e3421c207c895f21305bf1bed378194594693462a,apikey@lovable.dev,false
20260630083257,,1,03a1c66e9766917f65f6acdd7abd0f43794f04aa7b7fde153f3002c8f47edc16,apikey@lovable.dev,false
20260630083659,,1,971ceb6844d01250bf22e8557aefb1438c428c8ca7854cac12c8f6d3b8ff2834,apikey@lovable.dev,false
20260630100252,,1,a5402145617a58d88780750d46b3ad117eb87a7cea090ff3fe6901327e9b67fc,apikey@lovable.dev,false
20260630105704,,1,794934f62c0caa088d5af0fe83f3cd7c4fc2e50c962f2f5b8b4a734905d122e9,apikey@lovable.dev,false
20260630170428,,1,56fbe117548c5b4dad7e923d9122c0d5b4167cd1de6294b182f02fd9a9fe7734,apikey@lovable.dev,false
20260704073145,20260704073144_9b0a0dc1-016c-48b2-92e2-369db142ea4d,1,40b521e5f9732e8a00a0aea17fe590eacaf8e55ea8c658b78730e7c59d4c4320,apikey@lovable.dev,false
20260706185711,20260706185711_a3a2252f-5c5c-4609-8932-17ef2192091b,1,6b99da78e907bf3cc995ec49109762166a4af0d5fd61c771333c9c75f19600c0,apikey@lovable.dev,false
20260706191741,20260706191740_72a25467-df65-4dd4-ad04-2a049408e57f,1,f5b038271ba5dfea2ee52f0645f64979ad6f8d49570f6e36c6aa25e92e8125d9,apikey@lovable.dev,false
20260710214801,20260710214800_f6826731-75e8-40cb-a609-b4a2c938c7ff,1,834ab2e9490e24099e45b79829436221a5599194f4ad600c26ef8be7825c0131,apikey@lovable.dev,false
20260712191948,20260712191947_723e9905-d3d4-4e2e-8f76-16c65c5f7e2d,1,33c4747a5d8b1c339fbb9bc1f7c7a3f59520f0f9bdc1ba5d01824fb1880faab9,apikey@lovable.dev,false
20260714103644,20260714103613_f1db07fb-c4bd-4040-9a30-b4275d566d48,1,14aea73728d5b90053d1b98b8095fd995f353472bb1271f7d4b6a4d193844eea,apikey@lovable.dev,false
20260714104535,20260714104534_acb858ff-0438-4d24-9fb8-accfc0f11743,1,79876f6bbd208af5a92b19d1f64d700ada8702d8ad9d9c4cc8ba0b192c824d4c,apikey@lovable.dev,false
20260716130543,20260716130515_0369c048-28bc-4fbf-83ff-5375e922e6d6,1,d2aad8aaafe478ccfc1c4c6b41e273d9786482503b010adff7c4e2b044346bc6,apikey@lovable.dev,false
20260716132023,20260716132023_b0701541-d21b-4dae-b3be-619e8f998414,1,4291c3ad7127b57f556ae81d598af7e74aa8384c5a1b46bdfb25637825f664c9,apikey@lovable.dev,false
20260716205444,20260716205443_35b503fc-579d-4eb3-9525-51da86fdd2ed,1,58afc6059b37ce3a3759cb087c261491debfd365dcf3e2ddf4ae9ea738e8c9f5,apikey@lovable.dev,false
20260717113147,20260717113147_84721dad-2031-46db-8102-5b70dff414ae,1,b9d69cf692809c7f9e16367496545242d5d97183d1a931f2bd6f3aef03291084,apikey@lovable.dev,false
20260717120304,20260717120303_7b4b36fc-6145-40e6-9666-e4b65d573acc,1,f5ac89cdc2fdc1e70cdce91847fead49ca1616652b6cd96289f6c01fc0d8feab,apikey@lovable.dev,false
20260717123612,20260717123612_8f687cfb-1b50-4ad5-9ea0-d1f78b5122db,1,a81efb1600562fc6a546e8e03ae07437b3b20330d2810cc1f8e7c1765210da9b,apikey@lovable.dev,false
20260717124629,20260717124628_fba2fa4d-6909-4c6b-9b94-1f15ddf50e05,1,5370a17f5fd2eb37e4503deb5fd3000d95ac73203193296ec805bce0fe63bf11,apikey@lovable.dev,false
20260717131219,20260717131218_b1576dcf-11b7-49b8-ab62-3a5542f80c00,1,320cf6f2cf44f0d6307a78e3341d2630dbc86f19f0db385ad14e307cf3c9ee9c,apikey@lovable.dev,false
20260717131422,20260717131422_4042de16-feb4-4adc-8a7f-7df68fed480e,1,50326a6f0c0f4689cdb4f4a08d1ca02adbb023a352fb038787149351c0baf2f6,apikey@lovable.dev,false
20260717131802,20260717131802_85552e87-7784-4f46-b877-407dfec8c267,1,2b1cac4d6e64316c1d46a241e886280fb828565c381cd7ea39b823e5fffe39e5,apikey@lovable.dev,false
20260717142108,20260717142108_dac855f2-077b-4e80-bc14-8f083a4cee3c,1,e5ccc23e7b6bc0ceb6ae26edf3f7ea5026dcfdf77b842aa21f586fa794f5a071,apikey@lovable.dev,false
20260718085344,20260718085344_cc23fca9-64ad-4617-8453-548571a98fe6,1,4f0c87497656f1a59fccf0be27ef24317ebbca4517d7b3bba0400c4912c3beb8,apikey@lovable.dev,false
20260718092755,20260718092755_4ecde131-dad8-40aa-bf7b-3b25a72ee473,1,da3fee8bdad593883183752cd2c54c7a9ab64dcb4deabc8a5c0119a78919b893,apikey@lovable.dev,false
20260719074356,20260719074356_73cdaab8-0fbc-494f-94e6-6fa8485a91a1,1,679b127a9835b7b9622b641db8fa170b0c767e87999ec1b5b1693f1404fbc970,apikey@lovable.dev,false
20260720065838,20260720065838_1dff1d51-c825-4829-98e1-83e4be356aec,1,6f2b273d415803702a30df25b0bb5810bfa932c9f82397c54f972907d96b1cbb,apikey@lovable.dev,false
20260720070010,20260720070010_cb736a97-fb3e-44d6-ade1-dceb66f6e772,1,b1ec99d6b732b9943d23c074d93f1ab89bc2ba73288b89e032085ba629811675,apikey@lovable.dev,false
20260720072329,20260720072328_aec5dde0-70ed-4456-b08f-ee2e04569138,1,4a62b580936879d7ce5fccdfd89926d7e8fe178849797841095649e802a967b5,apikey@lovable.dev,false
20260720073936,20260720073936_2624416f-49bd-452c-98d8-aa6034ad868e,1,d4fca9b9a0ca488557fb2a7dd532a2656bf0d541d94f726fc64eecfb098d6595,apikey@lovable.dev,false
20260723201451,20260723201450_2a2103b7-4e11-4ada-af6e-9e908cfed8c1,1,351cfcbf4e5b3b1bfc72482abe51e27e069b841c52bb493b3efeea206df62c12,apikey@lovable.dev,false
20260724090542,20260724090542_62514a8a-6edc-4924-9950-594937829a3a,1,6e26ff33f819c1ae37275f21436d99d15edc9f63003de785d196960f0f1ca1c4,apikey@lovable.dev,false
20260724092245,20260724092244_006463cc-00b3-40b5-904c-61c54c402daf,1,359285b90a1540e3a4b807ad7a09bcdc2837f36f19c677a5d327ec95c14a9945,apikey@lovable.dev,false
20260725184029,20260725184028_7a0c5583-ba85-4f2e-98c4-7d9328076725,1,fc60034683b2c2354ba826f78c6da678cd0fdbdeddc0a48e56a9edfc36b19bf4,apikey@lovable.dev,false
20260725190043,20260725190042_363d5969-ff5e-40c0-b481-a50fa70c1d12,1,a78d2484b029b5051435163d9da0475f7fc0ee1b6344c37e9d1d1235f32e917c,apikey@lovable.dev,false
20260725192202,20260725192202_8e76edf8-e6c1-40b9-8188-21c39fcbd8b9,1,8db1ff0f371e7bbdcdda2474861f322836fa07c0877eacd093073dd3be647280,apikey@lovable.dev,false
20260728070225,20260728070224_b2491f76-2452-440a-8e8a-3028c6b25b54,1,35add8ee686dc07553e1f035c53642842e373f0d250404ae3cc7bda147b10e4e,apikey@lovable.dev,false
20260728111316,20260728111314_5d8f31d7-9819-4682-bf95-819ecc7fb3f0,1,2958210f2c69a7b11db2d04a8da59dd94740da1aac0043036ea7b299076bc0ae,apikey@lovable.dev,false
20260729061607,20260729061604_b0a70f6d-171d-4b91-ae94-3108a45983ad,1,d4966fa522a26ffc4c322f5b8d6cbbeab2ac2dd5cdbd7df301295798d6f3b7d1,apikey@lovable.dev,false
20260730085821,18900070-315c-4ac1-8fec-fe778a52ca2d,1,361c37989a8cfbad83448a515636fbf84b908f4c7a162a81d96590d265d6fbfa,apikey@lovable.dev,true
20260731000908,dc2df35b-cb07-4797-9485-a858a32ebdfb,1,9b9cf70832b90c5cd13a4383a3980313726db790117d8f4322e809e8823da09e,apikey@lovable.dev,true
20260731072756,3e051877-cae6-4323-9e35-a5b19fb63857,1,a33970dcff798ad565695b25e613813a0f773bc9bf2c3b19389d042c70e83005,apikey@lovable.dev,true
20260731134850,336008d6-3bf4-4dcc-8f5d-53498b5591bf,1,c29d3a91528bfd1af40c81eea2bb80ee5ccf32c877ad5d526cf5a929dfe2a278,apikey@lovable.dev,true
20260731184728,660b1bac-c685-45ae-8cf3-769f81061cbe,1,96c3347379d71f1ed631aae32ecabbef11c196a5ad0964bb7734d181f5142666,apikey@lovable.dev,true
20260731191030,09de039a-7b1a-4eae-aa7e-38ed72dcec95,1,d449e3010e5c7585298b104d479a2c5c39f6c7879b0c85d76a886adcbfd0ae17,apikey@lovable.dev,true
20260801072843,d9a0f07b-28de-46b9-b42d-c8745f403090,1,7532658b9f95b727c67f61352c1ae88e16c0c11002335d573a5be99cb04fdb15,apikey@lovable.dev,true
20260802105148,0b328659-a25a-4b08-b54c-4db7a3cb8541,1,a62fa4ab22c8e09d541977bb2f6a9a1836e21bf4e07174b15074dbcf8003c394,apikey@lovable.dev,true
20260803073138,e03eabb9-9ffc-4641-bbee-1c14b7ac4a88,1,0857a7262119416e9bab3fd53fdda08d3efda963ea2f898d9b4db722726beb5e,apikey@lovable.dev,true
20260803075146,40fb869f-6ec0-4900-8e46-7aea5c28c29d,1,82250bdaa20482363be25c8c4b2ffe2a3166d47e51f76ed599c6e9c35f4346ee,apikey@lovable.dev,true
20260803193917,cb337c6d-67d9-4a73-93c2-45fc4f8ddc4d,1,f55cb60dff0db4ee630327e62cfdd79d5ab943f95ac42593a5be40fe5052f91e,apikey@lovable.dev,true
20260803194052,b82ccee3-79e4-4ef8-b8c1-7eacc2b5d1de,1,5163ca0fcfec6d3f82dac17aee9498fd79953146e09f963a43cdff77ac6a4b74,apikey@lovable.dev,true
20260803194125,3806c204-65e1-41b7-b37c-34a3665c5d22,1,8bb5b4fd536bb06eda80b43f6b42a6fdd98954a13119a2f59e470d09a439fa41,apikey@lovable.dev,true
20260803195451,d4383cef-117f-44fe-ada4-edb092606c84,1,306c49bd0b40fd80c3e2426b4436f542058cc2fd68a33258242ef2d87e99b128,apikey@lovable.dev,true
20260803200103,0c9cd581-43b2-450c-a8f3-01e1476bea4e,1,93e9b3f5ae202f28a0bf3d8a6149b38281c4ec377dca11401e2ea1fa8c8c04ad,apikey@lovable.dev,true
20260803201804,b77984d1-3a52-4ef4-9f15-1563265c56a3,1,01781afc61ca694cb2d5ef342a2d231ab8e1eddd903d74e439295c5e6286081e,apikey@lovable.dev,true
20260803224008,0f1ea9f4-6c18-42fe-b6da-61231eb49903,1,d89f1d4af0908899f1cf13efd27cc3f38b1f79cdd7c85ad12855bdcfffd6d8b1,apikey@lovable.dev,true
20260803232302,acc7c4e5-4148-48c0-8f35-8c2299e23944,1,3343e7d904ca6bdbd8b28c9e2a1f0257b9a9b42e7a3b0bd7f20593e19eed340a,apikey@lovable.dev,true
20260805185103,b8924e02-7328-4878-a630-d1d490bfa791,1,a4b5b63626700cd6ee91293302600e7084c22cfc8b5af9592bd3776176af494e,apikey@lovable.dev,true
20260805204251,7df22c14-6511-426c-b2f7-ffe4ee117a2f,1,3f65e863052d9757d4ea5196d40fd39dbd786b954fff51eee4a6c3ab46699120,apikey@lovable.dev,true
20260805211810,a34026ef-b350-43fc-ad20-cbe55694b7a1,1,7cf95644c9f64260a313985a5fece59d531a0c92cf49ef5e404b3790fa1b7091,apikey@lovable.dev,true
20260805215015,65064019-c350-4332-9bdb-ecbda0dc7696,1,2d82fd26b2963659765eebda5e0efb7963a153d845b0cc92907fdaf4e0bf996f,apikey@lovable.dev,true
20260805220755,478ab9b8-1537-47c5-a175-c875303c3881,1,a887b027886611ddd9e32d3e72fb64acb85b67ef33f40c8c0c9eb7ac1ac2f2f5,apikey@lovable.dev,true
20260805222521,c769e08a-c5b8-450c-9fbd-60863b206fde,1,be348df102cf6fddaa0c92e812aff300575a647e5637d51800bd7375ff330974,apikey@lovable.dev,true
20260805222715,ccc0093c-15c8-4d5f-ad96-befb18c103e4,1,092cfabc14687e363980845274503cf703cf1264734873a4ebd52217b5d40b47,apikey@lovable.dev,true
20260805223734,f8e72ed3-9acf-4821-8703-d23ef8f11dc1,1,a8bd259880f5ab40658db363e33dca10a8a861a318efaa765dfe55e7b17dbd52,apikey@lovable.dev,true
20260805224606,f6ed9e48-d97a-4fd1-b79a-dceca76b50d5,1,5c23f5aa134b5ad924cc3360496003769eea816d56b834f5f1c92b1d0721ad0f,apikey@lovable.dev,true
20260805230045,529d8f2e-9791-442b-83db-a48569d105b1,1,c165bfe2ae05587384d95983343bda67eae00f11c7ef05774b527a97faa3e30a,apikey@lovable.dev,true
20260805231555,beb15a41-5968-44a8-911c-4065cd1be3d8,1,a114f100f1470d342da48ab305eb39aa71cc253643a20701a81d6d21bc16ef1b,apikey@lovable.dev,true
20260805232753,efb994e5-83b9-4dd8-82ba-e5d09e09ecfd,1,074220df6ba087a580a6f533336f2e1f8d6cd50a4025ed883a52bd8e17e5afb7,apikey@lovable.dev,true
20260806085311,ef37cf28-a12c-4e23-861d-5aa58fce2d50,1,257942f115980eea814a5272eb769374715b2bf4ce1190a19c7bc03ce977f913,apikey@lovable.dev,true
20260806090825,c536ea80-a143-4fee-8451-6a25b2eb496f,1,18571b43d6c0deb50c53ba559d1517cd590a6713e10f662bf5962ca26af9eda6,apikey@lovable.dev,true
20260806095047,39981619-d770-4067-92bb-ca4e67b78be5,1,254d11631b8cb93503873a7d22699040b834c03167b0273a7f914faa93be4e0f,apikey@lovable.dev,true
20260806095831,0cf059c6-c87a-45b4-b9d5-9ee3178708e9,1,9fb09076c00c06cf3b62c07c0f82d46b09dd39e92d89d531f9e51cb1bf0c5ce1,apikey@lovable.dev,true
20260806100525,270be6f8-4a00-45cc-87fc-10ff3c2fa288,1,7c1596aef801918a28fe2e57738673e7ba398d67ef32f622b87aab7584b8e89d,apikey@lovable.dev,true
20260806114323,1e550825-efc3-463b-ab7b-a33654e9de49,1,d19e660dd5231fa5533790a17e8cd53548d6836cf1dd990e0f0df69de196db43,apikey@lovable.dev,true
20260806114647,94fe1383-f2e9-4b09-90ee-08e5089c9c26,1,0ad413ba0ad44284aae9b525e2e0628bf0a5569b6302b9d1243de0bc13cc6d67,apikey@lovable.dev,true
20260806211045,48a92cf4-6953-410e-9c95-785cc635818d,1,9db8d3f77fa3a832605908d5d604e6b9b41069bbdd625b1c047a0b46d00835b2,apikey@lovable.dev,true
20260806211122,4d9f6424-83bb-4bb2-97d1-ef45c6579336,1,286b65c6eaf606ed5c14e6bb50c4dc03082438068953faaddff19f6388e1a29f,apikey@lovable.dev,true
20260806211303,93a775e5-e551-41cc-8729-06650f5ef5a5,1,61bd98102fd65513b26c6586d8019e1a6d72b61009a386aa9b4f4130a63c707c,apikey@lovable.dev,true
20260807065334,62949d9d-2499-482f-8cb0-dc4bb626d148,1,d49e617d148419d754c94633a495168066791d48bbfbff2f8d849dda6aee7840,apikey@lovable.dev,true
20260807085348,765b7d06-0b75-4850-9581-0e17bf90345f,1,30f25c0753492b64f1a21b607212f4ca9eaf43e2366652a228459f869dc4c6dc,apikey@lovable.dev,true
20260807105803,b59312e8-6680-48c5-b181-2c7857dc1cb6,1,d3bcc11e662325413abe6dcb64880a600ff36b867b5291bf4994a4f497bc82d2,apikey@lovable.dev,true
20260807105912,50ea3742-79f4-42f4-bec2-79ca6bc277dd,1,df44786314bf6e1e3b48e811f6ba2e9dbbb60648f27efa96d6ea51f17c8fcd44,apikey@lovable.dev,true
20260807142746,699c6484-087d-4a45-ae9a-388447fe4ed4,1,6b7c44d820ccaa5bf3d20de3a97e5bf2b2e563c0f6e26150650d0c060a5b87a7,apikey@lovable.dev,true
20260807143727,de0034e1-e828-4038-9113-3af66d1dafe4,1,26bb316825faf4f023b8667178880aeafff2b393265ca5ac9337236a3a159e22,apikey@lovable.dev,true
20260807213449,52fed8a0-2db1-4982-8043-3fd28e594485,1,a9ffc598807b45e7f90502159d1bc9d48050dbab1ebbb358623a48e8bba5823f,apikey@lovable.dev,true
20260808192847,7b27b621-8917-4bf1-a1d4-7cebc4141b04,1,b51327fe5d52a2ade04f74bcf651aaaf72f90c5543c6061824a87cd581a9b7d2,apikey@lovable.dev,true
20260808202422,bc566854-9170-487a-8fd1-2207a9b469ac,1,98af9c15a5253581d390ccb65824c7ec4cd4fc2f7ddbccb7757544db676eafe0,apikey@lovable.dev,true
20260808202443,650ba1bc-1cbb-43e4-a1f8-5b8b6a79dfed,1,f8395099785d55307bfba52fc101316e7a9df66260756fd9cd6a9ed22d3a1529,apikey@lovable.dev,true
20260808230135,e2e1615b-027a-4017-ba91-cbc8e6d79f4b,1,5b0a0aa2f6d60393c25e41a73b4f1e18bc0b92b5f9ca7088eccc2c21e9588165,apikey@lovable.dev,true
20260809195546,5964d9fa-3b48-4be2-bdcd-4668d0b5a18c,1,99d73243659ab6d4ccf4bddebbc7312a2c8e50a1aa9b29f6c1a0944d320304ad,apikey@lovable.dev,true
20260810095752,dbc6bdf6-293b-45e2-b2e2-b470938eff92,1,d743b20f2f3d0503ff87e210378cc8a77a8104a55cd07cf83bde7003ce959f03,apikey@lovable.dev,true
20260811200322,f14a92fc-ff44-41f3-aa2a-b6bab95514db,1,777e94898ebf9179fb85b88038de21583a48951072fb3d967a4e228832903ba9,apikey@lovable.dev,true
20260812212128,7420caef-e4ff-44a6-ad98-64dd5079326c,1,7df69779b5710dfe5082e9c62d462ef81743610d70b1b8b483723e227402994f,apikey@lovable.dev,true
20260812214305,2c2d8e09-35c4-4dab-9de9-edc8b6f94de7,1,a187b1de0007a25fef015f0c4643cc4f106c8049209ec4643f7981cd49839591,apikey@lovable.dev,true
20260812214345,3b9d0263-3ff9-4da1-a391-5d312aad5bd4,1,2aa9efa19aa148303991f3663c1785133b479a9759f624e6ac81c15f76efa3c3,apikey@lovable.dev,true
20260812222606,9c3c2b9c-6653-4f5d-b467-2c00d274752a,1,815ca15cfed669816af1f12f9f20802be77c94c0c88051b32b3a376f3ee41b28,apikey@lovable.dev,true
20260812223147,cb0fb7af-5cd6-4f21-b35a-2c06ad47740d,1,7ae98631534428c9dbd6ae8651641b8a22d64756ca3cddc72ac47cf0b5d6413d,apikey@lovable.dev,true
20260812233804,9c6cafd4-9b98-41c8-bee1-d63394e049cc,1,1124ea47a08d1fbd524303d1b5a574b6f0ced8e43ef20755291e898a8e545bb5,apikey@lovable.dev,true
20260813091924,37c97e14-37a5-4719-bfd8-eaa03442e179,1,3f8c76dc022106af765cb1fd8693235f053176fb083c83c785692cd0ea193a49,apikey@lovable.dev,true
20260813091942,5a606752-be83-4a93-8a41-f310c822783a,1,7b48e3224c424b6d04f29657a8a3521603825db1d611311ed132e340225993c1,apikey@lovable.dev,true
20260813092154,8f6bf7ee-6807-4b3b-80d7-f2c83aee00d5,1,73244b13f4ee7ba6a4bdd70ef793b8d4c882f63873576f42bb8733c53b1a00a3,apikey@lovable.dev,true
20260813110531,c2b797ab-f2d8-4f22-98dc-21107d5af700,1,66b37f435191cbe5013aea2fb7568362cfc5087af24c4091c7c3b302901843c7,apikey@lovable.dev,true
20260813111901,0280af33-fbbd-496a-8686-e18f39c5626c,1,6525810690d7728a086451ef6137838344c65d7eecfc5489d19f37061be80468,apikey@lovable.dev,true
20260813123354,4e8ea273-0d93-426b-a07d-ad9bb8c0afe5,1,93ddf8d65509c7930563d833beabb18f9997c7c3ec883f1d542792f40976fa25,apikey@lovable.dev,true
20260813123556,def190db-e5b8-4122-ae7d-1e2737cee161,1,88cd3cdaa905dab3cc999ac6d724458e52b39e21df0ee5ec5e3b09b36a8e6d30,apikey@lovable.dev,true
20260813123655,727fae5b-54b9-48b3-a655-bb588c916e72,1,fe3195ee83991d17975b78e54b10c6b26e67903a39ee1c15149f1a63f5a64164,apikey@lovable.dev,true
20260813123836,c4974ea6-8fad-4ccd-b5e2-252f5e9cdb82,1,4a885175e52e648e416a4d29ed85c57d94f24c13c26cce9c4d2a3e77a068399b,apikey@lovable.dev,true
20260813180557,a6d9c63f-653f-400d-8704-945e31d1daa5,1,46a3da01c4f2a196ea1022106bd20149962998d847cdcd3c0d6b925fe781b9e4,apikey@lovable.dev,true
20260813183411,bfff91e1-f325-40c7-b94e-b81b970720cf,1,ff11b02811c7ef4748ecbbf6dd38e55dffc8128845d20264d234bdc60733aa37,apikey@lovable.dev,true
20260813224639,dd432a8b-160b-4fc6-be08-62df181758d3,1,08ac79484b3995cbad3b53a2ed970ebf86ee3608a088aecca306e88ccf145e19,apikey@lovable.dev,true
20260813224748,aebce0e8-0c3b-4a64-a6cf-a5840e59993e,1,0376dcf363741119d2f2379df8bbb8a030e94637862d2a145f978810302be3d3,apikey@lovable.dev,true
20260814060458,f42eb0f1-fa66-4a71-80e2-7c6899dd1d80,1,aecffd04e0675c405eb6be603beb7d092914d330b5b8d1f5c7e4e1f1e631e2d7,apikey@lovable.dev,true
20260814061958,b011d9bf-a3a9-4a15-89e6-c817ce97841a,1,1a129efa4d3f17a039b9707704b714c9bbd6ebb10d3e612ea002e8dc23f43af9,apikey@lovable.dev,true
20260814062603,4066ad04-4a58-4ab7-b503-3c71f86532af,1,8a4349f7a6ceb44ce037fed8366d13f781b9724c0acd3584aee17b1d79a29e4b,apikey@lovable.dev,true
20260814062655,d69c5191-1949-43f5-a635-67340d819fae,1,9afceb898604f60d21753d1fc1d8edac8128aa164eb7f5f8ef3ff1d53d9c6321,apikey@lovable.dev,true
20260814062806,d3deb65b-d42b-4f70-9509-fd3f6bdde8b6,1,89665d899bf9310bdf02b779ad1aaa8f213293221be3ec42788e1955f6634ea0,apikey@lovable.dev,true
20260814063220,3aa8ab95-6d22-466b-ab91-cd04c94d7d1e,1,160e3a46925303612284262b5c6d294f708d90a2ce3ffa5d0146dc08c4d52e52,apikey@lovable.dev,true
20260814075406,f930209d-85e9-49a0-9b79-62e10aeeb308,1,0771aae82ab16a00f0449dc9d1aebe1dd2240f3b3ea25d5ff808450504f6ce48,apikey@lovable.dev,true
20260814080347,be469490-20ab-472e-91c6-052671e2841d,1,16927d0927b9273db9044b80f2e2af36a1dd556ebdb87ac0a1071b9af76299a7,apikey@lovable.dev,true
20260814084420,2e2917f6-20d4-4be1-a584-cfd5aa83015b,1,85ed4839d2ffd8f727a4e249dc89a1a37c7cd4446e8f993245a25b62e4503d38,apikey@lovable.dev,true
20260814124031,3c42902f-16ce-4cd5-99b2-5b909bac0448,1,94ca09178150afd960f95bc92e65dd40dec665a20522d42a4fc8c9f15be4f307,apikey@lovable.dev,true
20260814125029,bd4e6486-c313-453f-b571-81d301bdfc00,1,cc53e6d364dfa8384f137303f2d3e5d14b52f079dba288b0ebe26854d60bd247,apikey@lovable.dev,true
20260814154939,9493ffee-5809-466e-b6f3-fddc6849774e,1,ccf10b4c5f4075154bced65b5a49e053e5859cdb3b1d9aeca0847938a37da1d2,apikey@lovable.dev,true
20260814155116,0db45c38-fa97-4b94-97c0-976d47f5d94f,1,e7925355d0e48d95f1738b40aa78668a14b0822bce926a020eed0a4499c726f5,apikey@lovable.dev,true
20260814183815,35c42467-4f92-42e1-abac-401ee3327dbe,1,94a67b3482eac10d054d46c2921049a30bb5641d8eac6ea05aac27321919adf0,apikey@lovable.dev,true
20260814205716,65aa1e09-bd93-419e-a3a0-e2b8e0c7c076,1,4462079a0ae507e6e0fb7353bd08c9ec8028fd01544b436e6f6f967085d53fad,apikey@lovable.dev,true
20260814211437,349710ba-d2f7-4ce6-b863-de46a0ad946b,1,ebd2c0eef5977f4ca07edf3c5fbb44b4ef67701b46ab99e9c99651c232dafdee,apikey@lovable.dev,true
20260814214722,b5edf36e-947f-4e19-b01a-7c190df11ce0,1,e2c9b90e794b7e868472d448f7ef7ce43f9ef31663fc017957c5aeb1ee1d30b8,apikey@lovable.dev,true
20260814214738,524f9083-fe32-4a04-acb9-b8e215a60510,1,1579d80d8f8797295ce8a5f08db44217d368cf7c77a9692c56f03ee1956d92d2,apikey@lovable.dev,true
20260815132107,59add240-bfd7-4015-8d5f-85f8897b644c,1,2bd5f2d33d2998fcb02bc396310b84a7a00159511bdb7e7ac147213c281395dc,apikey@lovable.dev,true
20260815133335,14390529-bcd0-4cd5-ba28-ca933a9fc605,1,417a67cad995c4e7607d293f83490d377b183b41846a2243699315324eaa166a,apikey@lovable.dev,true
20260815135904,23b6cc8d-353c-433a-a823-905c26fbb3c1,1,d32a68c2c71f9141dbd00926c1e8da97a8106b955ded87f02cb913c552d9d23a,apikey@lovable.dev,true
20260815140217,e1a5c841-fd8b-4ad8-8056-d39efd1b8c51,1,cad630e46fcd27e4f4695083e974f57a7082d724113100f3545d3230537536c3,apikey@lovable.dev,true
20260815224013,2a69b3c5-3f33-4177-afc3-d247bbaf8ea7,1,bcf77aa79c48c4eafe2ada753b35f07c298af43d76f4249270bd03b6621a3a9f,apikey@lovable.dev,true
20260815224410,a4bc6a4d-21fc-4791-8c37-569f79fcc324,1,2ba3cc0e66f4e9a4463a0ff3a528fd82c0e8a2667fd26d0f5bf71bbcd4ca27a4,apikey@lovable.dev,true
20260815225111,1fd7049d-9494-412d-8a0d-d1aa8ed3eb45,1,37a501f464965a64ff2cacc277618db6c24db7a79f41326aef36e5097694ab20,apikey@lovable.dev,true
20260815234810,bbd984d9-eb45-4f94-9fad-8cbce02b3639,1,35cf8a561c1fdfe86adb08058ad3b01f482d4525492dbd83c2c141a36a9e9180,apikey@lovable.dev,true
20260815234903,4b0c48e6-6c3e-47fb-aaac-580f7faf2ffb,1,41e7ffcc880c4512e3077fa7f32dbe4a4898fdcc3e6ff9bd61df6c6fc4b11959,apikey@lovable.dev,true
20260816211406,663fd4d1-e156-4f0f-a353-71e9e8cdcc20,1,121616220c23f1ce4cfb713ba28eb80c2307cc64ccfb4e6c05dfeade109d8fef,apikey@lovable.dev,true
20260816211522,84a6e383-81c2-4ce7-a89c-4ed1cd994784,1,98d07b43f3be2491a1c638804b7b237f0e9fde1ab4731a074d5433d94d62bfc7,apikey@lovable.dev,true
20260817065904,41c46dbb-a324-4a6c-a2e7-811123f0d39e,1,8b6beb402df987c600400497408a4f8042754438458cee11097ff509c7f822a4,apikey@lovable.dev,true
20260817075138,9ce9fec4-93c4-4276-85fb-5341ae445188,1,d263607c8fb4c12cd0ed68f5ee8869c0b4b88cedcb9eff536c6aad169065d847,apikey@lovable.dev,true
20260817115916,e5310909-d6bb-45b0-b530-7e42025d2648,1,9c0216fd1fe654bbd058f5a8cfbd7ff086c7bae2830b6af2ac80f0e2f82680eb,apikey@lovable.dev,true
20260817121434,35e7638b-1533-435b-8e81-1689d2d079ff,1,7de7f47d59411ba664181ac60f3c2fb651b32d797050e2de4dd79da4ef590870,apikey@lovable.dev,true
20260817151813,5a3e047f-d178-4ddd-a0a3-116857daa7a7,1,428bef71aa017d635d221cfdeae250aa449e35ad94cba6bf0b932ac5eb8a2826,apikey@lovable.dev,true
20260817151912,e441ec3d-16ba-45f3-95b8-a37f2da559b5,1,37291e904acf6ebc57b4f7350a4b892d341f187a0da2e37282599489bd279b82,apikey@lovable.dev,true
20260817152132,f0017999-4605-4a17-a2a5-1ac6404f2ef9,1,5127b878c8e1bd1dc3a8a017dafd30320405f873a71dd6c177718201adc8933c,apikey@lovable.dev,true
20260817160943,013b0f2f-3a14-4b8a-b074-336010bf7d1b,1,b3d070def45b8b420cd66c4ee140f9c72fd38f9c4d555bdb05c5ec9cd5354623,apikey@lovable.dev,true
20260817212400,7c09402a-b777-4f31-8acb-d35b9bddf9b5,1,6faee3ed3c7c1d5bb8abb78a081294de7b68258a74939794799c573fd0366988,apikey@lovable.dev,true
20260817212436,442ae433-b048-4908-8693-23bb84d2ffd4,1,584413bf7f7a037b7a5e7b2976356e3b10b2d61ce73544a91ac0440cb886a006,apikey@lovable.dev,true
20260817212455,753a515d-7db2-4bba-91d7-2e35066a40f5,1,4e9b10e446440a7d61be862b5ed57747213b0ef952b2a15d8b77c269f782b232,apikey@lovable.dev,true
20260817212608,470e95d2-884c-4573-95c1-6b65332a9759,1,1f4dd6fd38c2fb3270d100a99a0810b9a0f7bb01c10a92568dabef777ae5d84e,apikey@lovable.dev,true
20260817212703,b721c8fc-a5d5-408a-8115-7223a5c1d207,1,3c88512aa3debbe5b5a9baee23983028a972a3d2de1e98d20b96a8a73ed1fc3f,apikey@lovable.dev,true
20260817212948,6df90dbd-6b8c-4578-8f1b-7ea7ef7a7329,1,8206d37ae681079e90b9608f8fd5cbdefd46329caf2c6903f1cd7ec0bb6378cf,apikey@lovable.dev,true
20260817213234,d09e62e4-98ce-4309-8780-058752f43ca1,1,e2b2a536955db6d5b3cdbda1e12caa98f1639347b7ca1b87c1d0ead452469258,apikey@lovable.dev,true
20260817221425,973fc1ac-274e-47ce-aaf0-3c5918b8b5fe,1,10c5dbfece0f1b6cd19932e93d544fd7f2abd68a220423d3a0554abc0d57f062,apikey@lovable.dev,true
20260817230147,90a8b9c6-481e-463f-9a90-ac3d03f88576,1,48d745bf6f3dc3956d0f2b3f2652a8d4a58707ec8eb2533494b46e0606fb9990,apikey@lovable.dev,true
20260817231952,5b4cf750-c4aa-42ec-98ae-61cbe8c1750a,1,92a0727b2ba41b8ba624e58c34d3785d7d3b8d654a295a2766fd63700a4d2383,apikey@lovable.dev,true
20260817232138,0b3faf83-5143-48e6-8e28-988a4a119331,1,16e29d5afd34f22990cf7d27375a360c2cf7351cceb8d36c3ecd906fdd23374b,apikey@lovable.dev,true
20260818061636,7090e5b3-340e-499d-ba11-2b6233836cc1,1,887b30b74f76a9c42481f5a6bd0d17194c11dae442ba374492d77939ba31dca5,apikey@lovable.dev,true
20260818071357,65fd8a83-bc3d-4fc7-9d87-be76ffb24522,1,7e1b2f15d424d4d6ef65945e18f5278be44b3e2387a38ff21619112ea8372d45,apikey@lovable.dev,true
20260818072033,6fdd5323-0727-449f-bb9b-a44f1b43d399,1,fb36a61d9f6b4fddd2f24b6ebef4a5ac7d8315510ce5a2493711b13e6cad8d70,apikey@lovable.dev,true
20260818072456,00949c59-17f7-4186-9212-dd2aa93b75b3,1,1bc0b4fcfede8139bedad5d114c7bf8d20108ee46c1f9cf7aaed5f52e083b263,apikey@lovable.dev,true
20260818075044,f9d69e41-f1f6-4abb-ae72-942c965a3a76,1,a59de328760626e45042f4f4a422ca866dcffb2309017bdb6997a773563a9742,apikey@lovable.dev,true
20260818075433,cc904094-1906-452b-9dfa-28f278f7e5e4,1,0020e443cde49047a681277c37a36915fb138a95b5202cf3c6f0a83b2cfa0ed3,apikey@lovable.dev,true
20260818085022,1816e724-e590-439d-9310-7761704952d2,1,7bbaa88d6c4e9fc3ea406762c179171234707c96362d4f81c6490440197b70d6,apikey@lovable.dev,true
20260818100844,d0b646a1-62f4-4a2f-9ddb-7846423cc0e6,1,ee4d2584efa3cd0d3b059f7d195bd11bd984f00f657248fca50ef5fe75c8160c,apikey@lovable.dev,true
20260818101041,8e8d39be-572c-471c-bb41-c3115b16e35d,1,82463af5774e2ea7eea3b3954639bca69cbaed75ac01e4aea255514afd587166,apikey@lovable.dev,true
20260818121348,243da727-b062-4624-b9da-b624a1963d9d,1,e8339d5e0e0021a40aa7e7330969f95309f5fb5ff92e26bbab7ac0e5e3f00fde,apikey@lovable.dev,true
20260818124745,15d603b4-0862-4453-ba84-f900459fb277,1,c4948b2eabbc1cfa165f6a86376dc614c52f8b318bd32b199bc88403ce9b748d,apikey@lovable.dev,true
20260818155355,96f9980a-dc9b-498f-8b33-d4ada2f8c141,1,bd8e8f102d1b52c69a9cf99e377267a15d46f280dc883e22fb6b1d5cb3049d96,apikey@lovable.dev,true
20260818160408,9de515bd-6cb2-4bd4-be1a-cf9df3ca1580,1,f95376e5253b835ffa3e6ac40b87cd8e5a93a8ea761b96c6f08f7b740260e184,apikey@lovable.dev,true
20260818213334,3dd22798-479e-4418-8632-5ecb24b0a44d,1,b3bb4922ba7d7051da280a4ea46c285a044165d5ed84e444647f0885ed4e932b,apikey@lovable.dev,true
20260818220917,581a61b1-6af0-41bb-b0c0-f3048c1f6f3a,1,5fc019efc671043463b16007525f8190f0fc93ff7e1e775af858fd485da6fb27,apikey@lovable.dev,true
20260818222752,1cddc10b-11bf-4823-88b7-c627dc5aa6ca,1,2053550403abac726ed5193fc469304e2f8d8ae2e8bbec2ff655d1d04109bb0e,apikey@lovable.dev,true
20260818233240,0a323a2a-29e5-4664-a18e-5c1ad3201526,1,d3018c554b1c9e07b4e123f34279bfb48241317fd07fa8545c55dc423f1d6d8a,apikey@lovable.dev,true
20260818233336,7dc7c6f5-7c02-4279-8227-a6d564463854,1,2455884c82f4fd55f0123b424e3cdc3be41da80c8562f79d0c7c34940af4584b,apikey@lovable.dev,true
20260819071835,d9e25af7-b9ca-4f7c-86aa-4dc93714203a,1,63c4441ac6b192889ff05cff746b1cd9ae3f7e08396632dd83fbe24b84b4a141,apikey@lovable.dev,true
20260819083354,45444596-dcb6-4c75-8bc7-16a84c57ce92,1,aa3296b24bc968e1e3d38c3bacdcbd08510a4b2f4023fb0d3f29376b21c09e39,apikey@lovable.dev,true
20260819230435,1c31341c-d115-4b22-b4a7-f6b59bbba208,1,c8fa489919fcf5f767c37460d4306658905e50cead0a59420b6b6baf426dae8a,apikey@lovable.dev,true
20260821082934,f5fb4043-1d82-42c1-a206-f2a875454ccd,1,3336aa7a447dd7524b7b6c44f23f3a4d7760a21c18945522f490413eeba50500,apikey@lovable.dev,true
20260821180314,5dd8ddba-f99b-4851-a75b-253e9446b705,1,6515f516442de1913d2efa44160aec45b8792ebafa0d953b7e006b0c72973350,apikey@lovable.dev,true
20260822002236,60e64fb6-3662-4ece-90fd-d1999b996eff,1,7a2b93d413a19085128e8590353c7ccfee68bc8b9ca57575860dc4af46c7406c,apikey@lovable.dev,true
20260822002314,efb0d253-9861-456b-9da7-da29aa107b1e,1,1f5f94eff975fe0b9c4592cc4d6251e7b294b6afe2e0edc702d6a529a7729ac0,apikey@lovable.dev,true
20260824010343,58a2d74d-8e2d-41e2-adb0-a3e2576785ec,1,3305c93e51fe16bd33a851201f84db431ba880cdee3260ec6ec49a9616303d7a,apikey@lovable.dev,true
20260825224759,6c59e886-405f-4e7b-a433-9672b55bf9c9,1,adf88941808147b56cdfabf83d0a225bb4566b04dbc8c254813b47820587004b,apikey@lovable.dev,true
20260827081609,994c3849-b3c4-4849-a515-142bd2abdc1f,1,27600de1ecde8eb6941d32fc702b46e4e9af9738d2eebefe0f89f6cd44b5e34a,apikey@lovable.dev,true
20260827094512,37a985a4-cb14-4ce8-9a04-43f75cd26184,1,c50c9fb8d5f2be3d2b1e5499fecfd4b7c6a0c6c2d26f069ab699d87e18113ab4,apikey@lovable.dev,true
20260827094630,b041ec01-598b-4066-ad2f-fff7a83c6d09,1,3c54d825e839b26b0ad3a4df81b339606fa7038bb671fb8cb1ffe89441d3c657,apikey@lovable.dev,true
20260827105027,6d129598-f073-4764-8a77-9a8a37ce71c7,1,397827152ef4b450d152a92c0b6193c1275e1cc52cb06bd4d59d9d1a9d65d559,apikey@lovable.dev,true
20260828062331,306b7935-a1e9-4363-b16d-8c65fad03a91,1,3b479d469db3aafe4aad13ed940d7bf53fe68ed9975ee7cfc97354d11eb28ee5,apikey@lovable.dev,true
20260828103101,c356df6c-748b-494a-ae8a-5376a829ac5d,1,84e9f5cae41e00be5aa2600c0be964e9d18498515de5a22ef554381f2e25518a,apikey@lovable.dev,true
20260828234135,aa140c12-7391-4e61-be4f-f74345668e96,1,c171e085a276c7203f821fb690a9535bb691bf5a94c13b4b2d589e395f39fef9,apikey@lovable.dev,true
20260828234331,d4dc13e4-60c7-40ea-9aba-df218b152660,1,36b87fa873de00dd88e14be56673b87b6f7ecb4f51167341f9f7c121a914dbfb,apikey@lovable.dev,true
20260829084704,518ce69a-0799-4ec1-8beb-7fb32baa3cca,1,f9aab459e2c6e64f5b48b6d9b3d2a96fed2149afd43ca587ad0187b640b3f2d9,apikey@lovable.dev,true
20260829135558,f0037825-ccff-4b35-b0b2-aa6566be826c,1,f490e131741efe48d88c5cfbdc8c443af0bf242675643a8bd32bee33c44c929d,apikey@lovable.dev,true
20260829222108,71c46f91-ec43-43d8-a5bb-dd1b124d6bbd,1,f6028e12883d2bfcc8dff90bf9b7698e4bb2b87b468ba95f83edda48dc170f37,apikey@lovable.dev,true
20260829224959,c7869fdc-124e-4ae3-b790-cc40d53523bb,1,0a0da55c6c25da72f5fdf3c56051dcae5cda52b001a19010f52a692fd8384a0b,apikey@lovable.dev,true
20260829225139,102f5d84-c1a8-49a7-9b88-cd4cf41288ae,1,573f27f5a333b55e86d3be4682ad33b29952a9cb0024b419a032e4dbcb1b3222,apikey@lovable.dev,true
20260829225242,9933aaa9-aac7-497d-83bc-167c25a51cc9,1,81a0f745c401692c77588e6436e80d1cd9dd703c98e8b2574b5f8b458df0424c,apikey@lovable.dev,true
20260829231024,d15f96cb-9c4c-44d0-a92d-e89ec9d0bd8a,1,04440e32a23097654d95516694160d50c30d75c9658be3597fb1c8cb8b46d4b1,apikey@lovable.dev,true
20260829232941,2d13534e-1deb-4374-96d1-ea78ba86fd6e,1,0c18c5142f58e44810a89ce103d2963da3e1886d39431c104360d2bfa3d40280,apikey@lovable.dev,true
20260830064542,10f5dc3d-4931-4a0d-8fd9-2c7faa7bb412,1,edef6df6eba9b7ba7277faa5f4536ef7a160b065e22089b567f8042f52c1e528,apikey@lovable.dev,true
20260831121505,bca8a198-a6ac-4881-827d-c61ef584905a,1,810e0b8832d2259c8a37e5be149d9c0880eec8d3d307c2ba61b757cc9a29781a,apikey@lovable.dev,true
20260831210148,5d441ae5-f994-4b1d-92ed-1ba8b98742dd,1,cd42fdb14133c1a2207f380c6e4d754e8914a90b05d66690a5dd1d40f58b5898,apikey@lovable.dev,true
20260831211359,1bb44c0d-f790-435a-8c66-55cca852b997,1,6c85a67d2926a58848cd88a7f1f958f06642620de78611248c4ffc1b3081675f,apikey@lovable.dev,true
20260901104835,d1bb417e-56d2-4c4b-b34b-afbad1c26d5e,1,2fc88f6a8c3f9035e96cbfe246d90f18f5f14d388ccd9f190df501024c5f9226,apikey@lovable.dev,true
20260902052308,e24cd7f0-db0b-4a88-85ac-f2908ed7fcad,1,d3910f1ac0f4116c395fc611f307c5892a657a5448718b5d90a9f88722b4b521,apikey@lovable.dev,true
20260902093129,6e2ff6de-db65-4d4d-83e1-dadcfebaa70c,1,a288b1804673f950a221b6963a7ab3e3b385411bbbc96387b8d27a3229d2e959,apikey@lovable.dev,true
20260902123413,f5e0f14f-b91d-451a-a267-fbe6fea9665c,1,fdd5d412ba3bb03a72d19f29d15925056aa0ef915c6b98579697657a5f7bcc30,apikey@lovable.dev,true
20260902194101,e3b1caf6-58cf-4028-b292-49cc3c283914,1,ea520d8563565084bac8d9aee0fe7401aa843c5fe69bbaa297e5b4b52f2d70dd,apikey@lovable.dev,true
20260903061136,4c6938e6-7905-44c5-8a1c-ab1a56a823e4,1,ee8aac8eb818b6843ce9e77d93b9cf05d600942362911841eecc27126509a0c4,apikey@lovable.dev,true
20260905082334,5d50f67c-0c25-4ac3-a726-a6aeaaee583b,1,269e1b568738b9653532d55955067a24a03d5ac279947a8536ae005569a5e61f,apikey@lovable.dev,true
20260905122354,fe51d6aa-fe6f-4ccb-93ca-51405314682e,1,a715db163c88bcb565a29c9666c6a547f825a87acd8342254ac089bf63bc6216,apikey@lovable.dev,true
20260905194227,fbe2e172-650d-43c2-a3d2-b6dff0c3210a,1,d6ce3571f7f3a58fc7e2bc5af7c9ac3f46b0e13f48f9dfc93189bd357e997c95,apikey@lovable.dev,true
20260905223641,ab9fdebc-0a3a-4b6a-a0a3-b99b944953a8,1,752ce5f0e5b232adccfb03335aaa901417c7ae89bc0fc0d101cbc939ab61f3ab,apikey@lovable.dev,true
20260906001238,8c52869c-2e3d-4602-aa5a-96ea750f63d6,1,cb09515215021008a2c0c218a0cdf2446fea50e5ca0e2bcb56fbb634b86e36d6,apikey@lovable.dev,true
20260906001327,2c0c7a72-6eea-4cb2-b282-2175f4c1d2ca,1,65ea84149115d51a35890c23d0fba43ead3315d800205513cdaeaa2b0efbcdf4,apikey@lovable.dev,true
20260906131558,19f87cbf-1f77-4f69-b04d-d29fbf0edb7b,1,ab4be87ac1a8c9d00e09c54010ce32df9e921912babdbb602da177fe79912a15,apikey@lovable.dev,true
20260906134803,7ca9b782-4f52-47e1-9691-8b286ca26c48,1,b6aa460afcbb733b2099d841d9ea89fd9c884bbcd5e881c13b10b57c288bf9ea,apikey@lovable.dev,true
20260906144044,f8e846c5-a26e-447b-9328-a0c5e57af6ee,1,1eafdabb386f6b62822d538c1b0b51b53630b97cd08e8e45e72e589de847d4f9,apikey@lovable.dev,true
20260906144149,14cfbe5d-c375-4c2a-af37-ee4e7e0fca5a,1,ee50342002cc35c05d256ac06766b71f18aad5a5960d5e2ec684c4620ee29acc,apikey@lovable.dev,true
20260907051948,f907b2a9-78e9-4e38-a179-68f04e0cbc7d,1,81fb589322256ee64903455d91c2401758bf9073c7e43bc6153341a318e9fe04,apikey@lovable.dev,true
20260907055519,afa767b2-4995-40e0-a8aa-8f1af2463794,1,b28641e19a24474b9c759237a80eddbb1783831a479035975a3bb154b147d3aa,apikey@lovable.dev,true
20260907055727,c6b1b60c-d04e-4592-9cab-a25c62f41227,1,af7efffbb815d6bf5526272386ff3b3f3e32f54ec1c1aca06e31c9f2be3b0f41,apikey@lovable.dev,true
20260907105429,656d5fe4-3405-40f5-8ece-66802dd61dd2,1,6e6bad14664527b12b32b103096ba086aaa74b7b56e32f7e2b1b803b3ffb6013,apikey@lovable.dev,true
20260907105500,fa9113ec-a477-4b9b-ba16-4ca58e6eb836,1,b74b4be0d9e09594d0374df6fdb6ae92026550d1dd25f8c392ba3bba4e263ede,apikey@lovable.dev,true
20260907123241,1498e0d0-d1ff-4ad2-b149-7a8390b888bb,1,b9f04e374384f064e662eb443b74ae06a48c8847a9f299be95d77d111ace3e44,apikey@lovable.dev,true
20260907175312,a1267bef-2b48-4d6e-b932-471139504a93,1,1a68dbaf9b4a7058c309c16b2a3c91c716cc454bea07934a8ee679a3040afa82,apikey@lovable.dev,true
20260907200000,567ec97b-f2d8-48f1-bad3-1aa28f953b87,1,02d133b26fbccf2d988cc1baff892a29a76ddb953cff11484d8c9f64e32adb23,apikey@lovable.dev,true
20260908101012,50a06710-aefe-4487-a7ed-f0c2e5858ab2,1,13756846b47dd8caf9a4ef5cec2e54c55ac0801630e223660aef69339ab13191,apikey@lovable.dev,true
20260908112320,21e93e42-d887-4725-83f3-95379c287b76,1,4df6b7d40ecac1f60c2098666a90c4caee75a44817cf8d464d8cfb68e8f6f7d8,apikey@lovable.dev,true
20260908122530,e728cbda-72d0-415c-96bf-a8758fe327ac,1,a2f1d0476fed074ed408d901815ac696e20de14ed41aa41970eec03817dbd8bf,apikey@lovable.dev,true
20260908175256,2e41c1c0-9b14-40a2-9627-68f6cf7dbc2b,1,f2b57cf4e0163d2127ff77317afcf004fed73208d9d1c7862068914166aa35ef,apikey@lovable.dev,true
20260908213420,bbfa1b05-0000-4dbf-b662-1ab7e37699c9,1,f5d9eb46b00dabd5f7392f503a1ca58632f4c3d294c2d24c15d3f4d3d3ee704e,apikey@lovable.dev,true
20260909055849,0c556823-d241-4047-af69-e45a508523a5,1,0b7c384bde8f42505a29eefc42974ffd36b4075cd70fbc58b4502e0e7a364bc5,apikey@lovable.dev,true
20260909133041,4e1b901d-4adc-4ce3-a8fa-9efd960d88b3,1,8e3d5c1d04b745c3e603aaedfb3db467bf800fe04e5eee1fa091f8ce193f23e5,apikey@lovable.dev,true
20260909195259,2f0ee956-21cb-4eeb-94ff-2be48319b7af,1,37bad0ad93336fffa5c95063e4efbe94cbc15b4b0738762614f4627ca36273b2,apikey@lovable.dev,true
20260909220525,d15f854b-107c-4813-b8c6-be58bc5b8c1d,1,ef8a7756edac02d132934cd36f2bbfedcef6d16ff1c85ab2a7a3010dbb598d8d,apikey@lovable.dev,true
20260910220826,bacf628a-c62f-4890-9694-58494a7d6614,1,1345ca17fe61065e03d97c5574c5dd294cdad29c3d47e4af8ceac3619e31753c,apikey@lovable.dev,true
20260911211108,ba48e45e-1b5c-44bb-9f50-db8e70180936,1,b03b7964b8c425da48d2c812ab9862f8ac2bc50f8dd2841e91b9f892da2edd6c,apikey@lovable.dev,true
20260911222513,76362b2d-cdb0-4f60-82e3-52754aacfde6,1,157876955fc6c29518e07a4fc36a02ba4f09555f207b66fa74487a941170dc37,apikey@lovable.dev,true
20260913212845,6e9e221b-672b-4dd5-a804-1d657ab3b6bc,1,f1c5089f5e7a15197989a21fa54fe27328ba210fb3c773087da571cdbadbbd7e,apikey@lovable.dev,true
20260913212930,792138d6-ff33-4dd1-868c-85d0e930f112,1,43d2715c2523dea969b910891afa72d0729752fd360e9348e9f52ef70cc5d47c,apikey@lovable.dev,true
20260914080422,2363a563-fe6c-4a67-b49e-ef6531184c23,1,b9725507317cab0b44f85e7d9c5b6c729a9be3528b47778a9f81298acf686d4d,apikey@lovable.dev,true
20260914080520,a3a5b23b-ef86-4820-a67e-98eb1bb760cd,1,cf273ee8eec32614d74c968dc28efe83df183283e2d20f4c5a7edad01687c644,apikey@lovable.dev,true
20260914122540,257e8c25-12a0-4b99-8139-46b6fa17fa8f,1,eaeff195129b4c961a92e0bae213f31b5cd2ca77da60c8859ae99848c897036a,apikey@lovable.dev,true
20260914125929,4019a56a-54d2-49dd-b46f-6c2edd93a2a9,1,6f4b01bb44eb7b3361a8dd1f9859c387f5195c9ded0e78f2ee54d99946029652,apikey@lovable.dev,true
20260916112047,236c1f40-146d-4205-805e-718169631d12,1,e7d081c3a6f9e19c9e7cf7842b2a5ba454f03a7cb464f32fcd11a9815abe39ad,apikey@lovable.dev,true
20260917132836,8fd4df86-2c59-4bd2-aa64-5f841b37e46c,1,1481111287837c1e119049ae1b69595374dcc641b9943790015dba65f7bef43f,apikey@lovable.dev,true
20260917132943,e13f0804-89c2-43b5-88d1-0a5cc88c8af9,1,cd693340dd6af786243f181a103c1b5536915f65b51cc82897019627204be2e2,apikey@lovable.dev,true
20260917133016,34f930e7-7795-4fbd-99aa-f5a87b390b84,1,d7d644f47b3b903094d1c9f71b12bc925f3e5193a214a592a3afb4c28525aa64,apikey@lovable.dev,true
20260917133107,c49ddc4a-c27a-4973-bb3e-5acb29d39b5d,1,f8efb80bd5901409ac140f61e4d47bf09f548af095695ce164a1da86dcdb2163,apikey@lovable.dev,true
20260917133154,c5911ee4-a930-431e-831c-c22a31fbf8ba,1,1f53cb6f628a8137e5c8a0c4b28208e0921c23545ab84cb1f7149728688b7178,apikey@lovable.dev,true
20260917133256,dc1edbc9-46cd-4f57-a839-66e427769cb2,1,46267f7c3f77615a031839f61f37f0ec72d4737709c1e858f7872d09be7b854e,apikey@lovable.dev,true
20260917133413,fc7e672e-18b4-4103-9e8a-40f493fa167f,1,cc593a02e3fa2e54152bc8848d0522adae6fd20ca583125864b63988184b957e,apikey@lovable.dev,true
20260920234050,6123eb9c-3809-4694-8c05-52c9442d80ef,1,298f62b9dc1b756ab814abcf3cbb103ac7ea092fc5d9a3c2bc80e277da379243,apikey@lovable.dev,true
20260920234117,97de82ce-f036-4d99-b390-82a4872aa0ed,1,38521c906fc3df0fdce7916803f320fbee6a9965f3152370fa8b95fe98b0a537,apikey@lovable.dev,true
20260921223049,274ba4d5-ba04-41c3-90fd-ab79cd77b566,1,21607d456320fda72477a03dc1c3d572eebfd05ae85a72322d10bc09208e6d14,apikey@lovable.dev,true
20260922112544,a2d63b3d-4f07-4641-a911-f6cf25ee1b45,1,c821118f6e534dfbe11bce4886f75bc09e99d1922fa70bc6919d2e85827be4a6,apikey@lovable.dev,true
20260922210004,378f1214-3c89-404b-a8f9-49642fc2a46a,1,f9789a76b3736decfd73c63d6014b49596e88680e8120ab5d0807d2ff2ab5ace,apikey@lovable.dev,true
20260923084603,63ed1235-60fa-4f63-a4a6-f37673d50ae8,1,4f30b604887f6d24e04dfc3d6cf24adfbc4a4f9676bef21076d28982872b60d4,apikey@lovable.dev,true
20260923101233,3c56c1fc-a209-492b-a3ec-7eb752390f4c,1,00076c1691b70ff026b69de01d8de928123e1babc06b71901f41bc89f9f90ad2,apikey@lovable.dev,true
20260924100000,22c8af73-29da-436c-aebd-cc52d1aaf97b,1,fda4238a3c96eebfd82131788ab06688be9541c70dcc369daeb77f86033d7473,apikey@lovable.dev,true
20260924110000,cef50f98-6796-4b0f-b6cb-b366f9f5fe6d,1,aeb009491e54e43bb899c7d43fd33519ff38af1a947e864799b396f9d216440f,apikey@lovable.dev,true
20260928213905,bbf754d1-f039-447c-8b43-eacf987b77eb,1,df5a8017b8012eaa2555eb787c86551c7c0d3819d17c72cb7538dd6c91b9c45f,apikey@lovable.dev,true
20260929093442,8b9ada16-f768-4652-9a47-5fd1c147699d,1,0c17218c75e4d2ddda33d2ff633dc95e2e16db3a8401fd859960cb99b4ea3239,apikey@lovable.dev,true
20260929211804,761d0556-953f-4c59-92d2-da56eca4b29e,1,f66ae5f784b3adafd499227d302c12afb0e1e51697b4e7722e9246f3baa35eae,apikey@lovable.dev,true
20260930130000,64121eb8-2f09-4dc4-8d83-28e91615ceb4,1,7f7aaaa87a35ade39559b3e494a5e034aed62bd7a8aa61fb5dd7c0bc94ada05e,apikey@lovable.dev,true
20261001100000,8cb5bd61-7edf-41d2-b2b4-81795b694768,1,66a7bc34f40553e8e59d572fdfcaaaeaf963844be6e8dabd33d9ec56d0a492ff,apikey@lovable.dev,true
20261001213148,dec8975a-1fb3-43c9-b5a8-73620bd1e0e8,1,08675990dbf72370cd68f60cf0a77a1ea151da6961084a98b68b8e5de01773f8,apikey@lovable.dev,true
20261001230000,a3948e08-1268-407e-9c3b-d822731eb7b0,1,deae78d14dc3474d44e83450beafc903dddb96d6c36b2dcc715e3c335ef71a5c,apikey@lovable.dev,true
