source_file,source_version,ledger_versions,classification
20260211212345_41f57ff6-5254-4fb2-99cf-eccf43f00fc5.sql,20260211212345,20260211212344,content_match_other_version
20260211213427_af0668d3-3a2a-4574-a516-79882c654335.sql,20260211213427,20260211213426,content_match_other_version
20260211222621_a6ae4566-dbc0-4782-9892-8703be5a3273.sql,20260211222621,20260211222620,content_match_other_version
20260211222634_9c7b6d59-af26-4a62-bd4e-4848ddca83af.sql,20260211222634,20260211222634,content_exact_same_version
20260211230009_495daff8-5d23-4eb6-bc8e-8067a9ff7ca7.sql,20260211230009,20260211230008,content_match_other_version
20260212092159_6e63f535-2ef9-4e05-9cea-d87a44570baf.sql,20260212092159,20260212092159,content_exact_same_version
20260212093000_efd21152-e2e1-4883-97a6-e2aa8f1bdd1a.sql,20260212093000,20260212092959,content_match_other_version
20260212095635_1e9031c2-1769-4819-93d1-42a3df960c2b.sql,20260212095635,20260212095634,content_match_other_version
20260212101935_87b8c7db-df89-484d-b6f5-9af2c509986a.sql,20260212101935,20260212101935,content_exact_same_version
20260212102924_f25217f7-f802-477a-9a68-7bcaad5c6afa.sql,20260212102924,20260212102923,content_match_other_version
20260212104049_e020049a-c74a-483e-9039-d60c5b0a61bc.sql,20260212104049,20260212104049,content_exact_same_version
20260212104724_7502debb-fd4a-4480-8567-509e964118b8.sql,20260212104724,20260212104723,content_match_other_version
20260212135928_9f0b6363-e7b6-4eb9-9470-ccdd6f14635b.sql,20260212135928,20260212135927,content_match_other_version
20260212170446_059a448f-8b99-4c92-8293-6825191f88e8.sql,20260212170446,20260212170445,content_match_other_version
20260212171313_ac339e24-903e-4f67-a232-2af786115c95.sql,20260212171313,20260212171313,content_exact_same_version
20260212171712_c83f6018-c4c7-4893-8660-a1041f9f49bc.sql,20260212171712,20260212171711,content_match_other_version
20260212171757_aeb0db63-02ed-44dc-9e3a-fe6a4a6973c5.sql,20260212171757,20260212171757,content_exact_same_version
20260212192940_fc13d0bb-4a7d-4c8e-9fe8-0aaad9ed63a6.sql,20260212192940,20260212192940,content_exact_same_version
20260212194159_215f60cb-fddc-4b9f-aee1-48ad9257f993.sql,20260212194159,20260212194158,content_match_other_version
20260212204225_bd70d5a9-8a6b-467e-b731-2e26d9f8459b.sql,20260212204225,20260212204224,content_match_other_version
20260212205330_b357558c-2cf0-4c9c-b879-beb9eee4a87d.sql,20260212205330,20260212205329,content_match_other_version
20260212205612_82b21b30-3200-4359-9184-8fb3c9cecf69.sql,20260212205612,20260212205612,content_exact_same_version
20260212224152_81ff0949-9f2b-4ce0-87fe-d0d6fb805990.sql,20260212224152,20260212224151,content_match_other_version
20260213094539_d4d4f4fc-2638-4896-9279-36790cac6dab.sql,20260213094539,20260213094538,content_match_other_version
20260213134442_4bea63e6-918c-4d65-8448-6777381fcafb.sql,20260213134442,20260213134441,content_match_other_version
20260213142629_aa4f9fa2-4fd6-455e-962a-e2ab0ea0efc9.sql,20260213142629,20260213142629,content_exact_same_version
20260213183731_f04e1f11-0770-4b2c-a14c-5ff48debf295.sql,20260213183731,20260213183730,content_match_other_version
20260213214741_3b9fa8ce-f60f-45da-945a-4355cb78a893.sql,20260213214741,20260213214740,content_match_other_version
20260213221111_5eff32ac-c4f0-400e-adf9-d263749153b5.sql,20260213221111,20260213221110,content_match_other_version
20260214214449_a7e099c5-2415-45d4-b319-50b7cc1b739d.sql,20260214214449,20260214214448,content_match_other_version
20260214223611_ca4efa3d-9ccc-49f3-8aa8-a404261825c2.sql,20260214223611,20260214223611,content_exact_same_version
20260214225833_1da980a6-149d-4525-9786-03d136d582cd.sql,20260214225833,20260214225832,content_match_other_version
20260215002151_446b5eb0-10d4-4bcd-b534-06f72b4204bb.sql,20260215002151,20260215002150,content_match_other_version
20260215091228_fce1ea0c-a649-4361-959e-c677e1011267.sql,20260215091228,20260215091227,content_match_other_version
20260215220546_51581ad2-cbb6-4343-9c89-78edfa7ecc3b.sql,20260215220546,20260215220546,content_exact_same_version
20260216173103_8a9cf996-5fc7-40e8-b1c5-024ba6e90fc1.sql,20260216173103,20260216173101,content_match_other_version
20260216184142_33bf34e6-6969-41a1-b724-1ab89c8dc5d2.sql,20260216184142,20260216184140,content_match_other_version
20260216222035_9fcfe1ee-dcf2-4c7d-a120-0792dcf2c44b.sql,20260216222035,20260216222035,content_exact_same_version
20260217220342_ace83eb7-55b3-4cd5-9b4f-5b2f1fb74781.sql,20260217220342,20260217220341,content_match_other_version
20260217221230_e18bffb2-5ec6-49cb-863c-ad88a45321a8.sql,20260217221230,20260217221230,content_exact_same_version
20260218080636_ae9a8eba-ed28-4206-9081-82e3d599e28b.sql,20260218080636,20260218080635,content_match_other_version
20260219133303_06c22d29-cf9e-4b4c-8b1a-d841bf52b87d.sql,20260219133303,20260219133302,content_match_other_version
20260219140123_4502fa9a-df22-4e3a-9a8f-bc20239d57fd.sql,20260219140123,20260219140122,content_match_other_version
20260219140204_33954b58-0e13-4765-8305-0644dd52b4fe.sql,20260219140204,20260219140203,content_match_other_version
20260219163326_d0626821-63b2-4e87-bb64-c3db5dfb6777.sql,20260219163326,20260219163325,content_match_other_version
20260219211107_400fd821-d08b-4b57-b262-e9062029fc8c.sql,20260219211107,20260219211105,content_match_other_version
20260219214748_8803e551-b132-4eee-b78b-53e3ba39b774.sql,20260219214748,20260219214747,content_match_other_version
20260219215455_795d5ebe-d68b-4c63-b05b-aa669a48cba8.sql,20260219215455,20260219215455,content_exact_same_version
20260219221543_a3074739-33f1-46f2-8dcf-7e12055a9ef3.sql,20260219221543,20260219221542,content_match_other_version
20260219221838_821fd2c8-28ac-4faf-b88f-4eccb71100ef.sql,20260219221838,20260219221837,content_match_other_version
20260219224348_3f7e8cc9-9786-476a-8344-0fd561116ae5.sql,20260219224348,20260219224347,content_match_other_version
20260220001651_7e21fe51-5b97-4c01-8b80-41fb4a6fd80a.sql,20260220001651,20260220001650,content_match_other_version
20260220110012_8f7413bd-64ce-4ae1-aed0-4b94f07f79c7.sql,20260220110012,20260220110011,content_match_other_version
20260220125719_fe542395-d14a-477e-9b06-551f93b01766.sql,20260220125719,20260220125718,content_match_other_version
20260220164857_829bfa36-8cd3-41b5-a999-637a6bbd0c3e.sql,20260220164857,20260220164856,content_match_other_version
20260220185538_ee454996-c7e9-4afd-be62-b73eda880289.sql,20260220185538,20260220185537,content_match_other_version
20260220191655_a0b60e98-fb1c-46fd-888d-8748276ca5bb.sql,20260220191655,20260220191654,content_match_other_version
20260221073516_64467e97-a4dc-49f1-a097-2eca055ae24d.sql,20260221073516,20260221073515,content_match_other_version
20260221220030_496d54c4-d626-4f8b-813d-0bf97d3d191e.sql,20260221220030,20260221220028,content_match_other_version
20260221225522_62e0c8b6-04eb-4dff-aed1-06a4128fbb0d.sql,20260221225522,20260221225521,content_match_other_version
20260222170545_1ad806a8-2cfb-4754-8a2a-2bf27b0ebd79.sql,20260222170545,20260222170544,content_match_other_version
20260224122019_035a0abf-325d-4d95-8e9f-e93c3fc869ff.sql,20260224122019,20260224122018,content_match_other_version
20260226104845_14f04a34-2879-46e3-aa61-1da7cc6079d6.sql,20260226104845,20260226104844,content_match_other_version
20260226115217_9bf3ea2a-7c29-4021-adb0-471953901831.sql,20260226115217,20260226115216,content_match_other_version
20260227140858_21d1a91c-889e-483c-bb4b-082948fae049.sql,20260227140858,20260227140858,content_exact_same_version
20260302163721_f4b05465-80b8-4de5-a096-a7a2c7aeface.sql,20260302163721,,no_content_match
20260303112702_3889782c-6e80-418a-90df-01c90b80f7df.sql,20260303112702,20260303112700,content_match_other_version
20260303171955_64df7909-005f-4cd8-aa02-a30487f6e719.sql,20260303171955,20260303171954,content_match_other_version
20260305230152_cb556f4f-f2e2-4472-8dd8-875bb259349b.sql,20260305230152,20260305230151,content_match_other_version
20260306005656_3a7b417b-666a-4783-ad0f-b3f575da2553.sql,20260306005656,20260306005655,content_match_other_version
20260306015635_dc4d6d1a-9580-4205-bae7-56b27af3bc0d.sql,20260306015635,20260306015634,content_match_other_version
20260306183611_f46928aa-9718-4a27-ab2f-132be32b6837.sql,20260306183611,20260306183609,content_match_other_version
20260309130156_61ab7d2d-8687-477f-8718-e08d43a5db9b.sql,20260309130156,20260309130155,content_match_other_version
20260309185343_31278271-5cf8-436f-b19e-f392a654266a.sql,20260309185343,20260309185341,content_match_other_version
20260309203358_ff17ee13-a789-4ffc-abd6-7be1482240a6.sql,20260309203358,20260309203356,content_match_other_version
20260310014358_5cb549f1-f855-4c7a-8646-ffe650fa0940.sql,20260310014358,20260310014357,content_match_other_version
20260310134907_e17dc3cd-13e2-48ad-9039-a51f9c5c604e.sql,20260310134907,20260310134907,content_exact_same_version
20260310192634_c75ffa4c-7a45-4b69-84c9-705ad92e8be1.sql,20260310192634,20260310192633,content_match_other_version
20260311104112_71a38a27-e356-4530-a255-67d971092f1e.sql,20260311104112,20260311104111,content_match_other_version
20260311112715_32449826-43f4-4f89-a013-833a091da703.sql,20260311112715,20260311112712,content_match_other_version
20260311115903_97fbb398-0421-4772-b723-bc8cd86859c6.sql,20260311115903,20260311115902,content_match_other_version
20260311141648_4006209a-2b22-4d5e-b36b-19f703a916a1.sql,20260311141648,20260311141647,content_match_other_version
20260313164025_53507778-c667-4fb8-9768-53352a0e38ba.sql,20260313164025,20260313164024,content_match_other_version
20260317091701_213a587c-6b10-4630-9dc2-79b1f4730744.sql,20260317091701,20260317091700,content_match_other_version
20260317092906_80e48719-75eb-4b3a-8a66-daa792be4cf8.sql,20260317092906,20260317092906,content_exact_same_version
20260317094520_3ffcd741-953f-4079-a141-c2e711eb9afe.sql,20260317094520,20260317094519,content_match_other_version
20260317101118_fb985c3b-0988-4e4e-8f5c-2680944c913f.sql,20260317101118,20260317101117,content_match_other_version
20260317101224_e672d319-220f-43de-8980-010beec2a909.sql,20260317101224,20260317101223,content_match_other_version
20260317103206_e3035193-6969-4590-9851-7788e0b34c8b.sql,20260317103206,20260317103205,content_match_other_version
20260318063914_e304c82a-f559-4c7f-a079-0f480af4680c.sql,20260318063914,20260318063913,content_match_other_version
20260319081342_ccae093c-e535-4d35-b68f-c75cf6a2d329.sql,20260319081342,20260319081341,content_match_other_version
20260320095614_80d66eb6-0666-4c2d-89f0-76729b5f2987.sql,20260320095614,20260320095613,content_match_other_version
20260322001446_6828c935-7727-42fa-a511-22f393e2dd42.sql,20260322001446,20260322001445,content_match_other_version
20260323004551_1b496bce-b48b-4cd9-a5d0-74137a9d28b5.sql,20260323004551,20260323004551,content_exact_same_version
20260323114454_3580147d-b653-41e6-8c3e-37cccbb2294a.sql,20260323114454,20260323114453,content_match_other_version
20260324222447_c58b4300-b955-4466-b689-5e888621b702.sql,20260324222447,20260324222446,content_match_other_version
20260325000546_38b893e8-7467-4ff9-b30b-383fb2bba92b.sql,20260325000546,20260325000539,content_match_other_version
20260326230336_ea534412-3a77-49fe-a5b7-c4a2aff93457.sql,20260326230336,20260326230335,content_match_other_version
20260328211022_a2cdde3b-6ef2-4b4c-a90a-c674c2f2f9f4.sql,20260328211022,20260328211021,content_match_other_version
20260329075004_email_infra.sql,20260329075004,,no_content_match
20260329075052_e797f5f5-957f-4c90-b981-51525716de8e.sql,20260329075052,20260329075051,content_match_other_version
20260329161717_fe4153c2-bba3-44f6-b392-269238b5450e.sql,20260329161717,20260329161717,content_exact_same_version
20260329161852_6247c025-9776-426e-9cdb-99076d9f1990.sql,20260329161852,20260329161852,content_exact_same_version
20260329162528_51bddc3f-74f8-43ba-ab35-e353c458988c.sql,20260329162528,20260329162527,content_match_other_version
20260330000758_a3fc7560-6fdd-4494-901d-253903e4d91a.sql,20260330000758,20260330000757,content_match_other_version
20260330004545_07a84c6c-144d-4973-91d9-f2dea9972fcc.sql,20260330004545,20260330004544,content_match_other_version
20260330113624_9c744440-a8d2-41fb-84ac-3e09bb49e9b3.sql,20260330113624,20260330113623,content_match_other_version
20260402002618_1cf78142-8b64-4eed-ac1a-ecf7371c8121.sql,20260402002618,20260402002617,content_match_other_version
20260404064318_d5aa0fc7-c6ea-4ef7-a13e-9cf3ccf4c3dd.sql,20260404064318,20260404064317,content_match_other_version
20260404123212_63a5c619-d64e-4419-87e4-0e933e297841.sql,20260404123212,20260404123211,content_match_other_version
20260405100632_324a37fd-e457-4570-9ac6-c3bb089494b8.sql,20260405100632,20260405100629,content_match_other_version
20260406062930_4107fe45-4443-419e-b78a-ee2d61ef5557.sql,20260406062930,20260406062929,content_match_other_version
20260407104322_dc8bd2bc-f67b-4925-bcee-ebcaf712c1c4.sql,20260407104322,20260407104321,content_match_other_version
20260407205833_0b612b93-12db-45a2-bd82-10a2517178ea.sql,20260407205833,20260407205832,content_match_other_version
20260410125550_6cf09885-ae5f-4fd8-8849-aeb05031da81.sql,20260410125550,20260410125549,content_match_other_version
20260410130037_0968f6e6-d20c-4f2a-b878-108f6c7e0b23.sql,20260410130037,20260410130036,content_match_other_version
20260410131020_75486f78-bf18-4ce3-b060-b63d19ad7e9a.sql,20260410131020,20260410131018,content_match_other_version
20260410131056_031fa181-946c-42eb-b61d-2b2f1b76724c.sql,20260410131056,20260410131056,content_exact_same_version
20260410171533_2b3afbca-a4ec-4f0d-9b81-6cbc22976088.sql,20260410171533,20260410171532,content_match_other_version
20260413173559_c17da5be-240f-4a3b-94d7-23f71fc6dc24.sql,20260413173559,20260413173558,content_match_other_version
20260415113404_79e2e2c7-a132-4735-beeb-eb5d95a08f37.sql,20260415113404,20260415113402,content_match_other_version
20260415195614_372efeb5-ea85-42b7-8c92-c267172a23fb.sql,20260415195614,20260415195613,content_match_other_version
20260419002830_046afde7-36de-4c9f-9a9d-169022dbfb41.sql,20260419002830,20260419002829,content_match_other_version
20260419223039_fc6b84ca-4813-4902-8729-830cd4d02464.sql,20260419223039,20260419223038,content_match_other_version
20260419223403_cb1d2b3c-83c5-4048-b1c4-147b99a681c1.sql,20260419223403,20260419223402,content_match_other_version
20260419224152_149d3181-5474-48d3-b6ea-64eaf250dd72.sql,20260419224152,20260419224152,content_exact_same_version
20260420095641_607f4635-a6d7-4bbe-a3f3-3102100df4b1.sql,20260420095641,20260420095639,content_match_other_version
20260420112154_285e3057-f390-442b-ba18-b6cd30921f9d.sql,20260420112154,20260420112153,content_match_other_version
20260421100516_86ff5c37-5723-40b7-b78d-8992f1cd26b0.sql,20260421100516,20260421100515,content_match_other_version
20260424054855_a11aae53-ba28-4b77-a472-85c786ec1a74.sql,20260424054855,20260424054854,content_match_other_version
20260424062214_fdbfd7fa-f614-4278-b339-dd556632dff9.sql,20260424062214,20260424062213,content_match_other_version
20260424064309_dff18803-7748-4a6e-ad18-da89a459c6d5.sql,20260424064309,20260424064308,content_match_other_version
20260424065829_7750bc10-1721-4043-b6e7-29fa12b8e19b.sql,20260424065829,20260424065828,content_match_other_version
20260424235027_cd367659-533b-453c-bd24-ba544d55943b.sql,20260424235027,20260424235026,content_match_other_version
20260425062044_3f599d60-8f12-4920-a733-2f052433ec0e.sql,20260425062044,20260425062043,content_match_other_version
20260425082949_ecdb5768-acf2-4deb-877e-97cc444be8f8.sql,20260425082949,20260425082948,content_match_other_version
20260425083919_0084e769-4f16-4c5a-a189-ff48b8ae9148.sql,20260425083919,20260425083918,content_match_other_version
20260425112606_20c723f6-ff0b-4376-b98e-3a0e66774636.sql,20260425112606,20260425112605,content_match_other_version
20260425115634_4d0d1c15-cdde-4f99-a3f0-d622917ae63e.sql,20260425115634,20260425115633,content_match_other_version
20260427093923_5534b93b-2368-4ee2-a4cf-36e6ddefddc0.sql,20260427093923,20260427093922,content_match_other_version
20260427203754_70f526eb-0795-4071-b88d-072b8a69eadb.sql,20260427203754,20260427203753,content_match_other_version
20260427215510_5c1bb3d8-1512-4776-90b0-6b7750e3bd6a.sql,20260427215510,20260427215509,content_match_other_version
20260427222240_13723777-81a4-4460-a27d-81000cfeda38.sql,20260427222240,20260427222239,content_match_other_version
20260428071322_235eb44a-cad5-4b1f-863d-5381639308ee.sql,20260428071322,20260428071320,content_match_other_version
20260428074535_379899d0-63ed-4aec-a27e-a1a5e628c7a5.sql,20260428074535,20260428074534,content_match_other_version
20260428074551_0a07aef6-7435-4879-94cf-1e21ac0f4d51.sql,20260428074551,20260428074551,content_exact_same_version
20260428113535_a99e9863-7d8b-4def-bfe2-a072880ecdd0.sql,20260428113535,20260428113534,content_match_other_version
20260428234013_5e1976e0-9d0a-4dd6-858f-4884a429e400.sql,20260428234013,20260428234012,content_match_other_version
20260429000456_79d86b89-52a8-42be-b412-e4b612d8670f.sql,20260429000456,20260429000456,content_exact_same_version
20260430152828_d2e66dab-151d-4310-8319-63abb42569bd.sql,20260430152828,20260430152827,content_match_other_version
20260430152900_b863c265-b8c5-41e1-b947-b0ea4d22e7df.sql,20260430152900,20260430152859,content_match_other_version
20260501093544_372dea1e-45ca-440d-91c5-45c423654cf4.sql,20260501093544,20260501093543,content_match_other_version
20260501094334_abed6fa1-3a0d-4d0c-b5d3-6916e1901f37.sql,20260501094334,20260501094333,content_match_other_version
20260501215210_c4680f34-df6f-4048-b0a6-293b1f5fb1b1.sql,20260501215210,20260501215209,content_match_other_version
20260501232050_0d675363-a6d0-419b-be85-c9e537ad6042.sql,20260501232050,20260501232049,content_match_other_version
20260501232220_bf28e5dc-6fc4-425d-869d-082130bd04e1.sql,20260501232220,20260501232219,content_match_other_version
20260502133107_fa126390-1d65-4a82-8f48-4900d2d59f55.sql,20260502133107,20260502133106,content_match_other_version
20260502133807_780eaa1b-9f61-4f68-a699-6dcd47fd85f1.sql,20260502133807,20260502133806,content_match_other_version
20260502133905_0ffe825e-eb13-459a-875f-ad94b39b6d23.sql,20260502133905,20260502133904,content_match_other_version
20260502133945_639d642e-1689-489e-b644-efa6e45f9c58.sql,20260502133945,20260502133945,content_exact_same_version
20260503001343_8e15f8aa-f928-4608-a7f0-70a193cfb963.sql,20260503001343,20260503001342,content_match_other_version
20260505074547_e3cb49d2-dfd8-4892-a893-e66d5c5ef722.sql,20260505074547,20260505074545,content_match_other_version
20260506004012_e70bceb2-8bbd-4534-9e36-b996187cb879.sql,20260506004012,20260506004011,content_match_other_version
20260506004148_b3df5722-c7c2-46f5-b032-0adeba12dea1.sql,20260506004148,20260506004147,content_match_other_version
20260507092910_99a744c4-998d-4c06-a8ef-bbc7860b3cea.sql,20260507092910,20260507092909,content_match_other_version
20260507094603_799a8421-69fc-4d89-9dae-11a203f13ddc.sql,20260507094603,20260507094601,content_match_other_version
20260509220712_89d7c593-1a48-4ffd-8a8d-4b1ddaed65bc.sql,20260509220712,20260509220710,content_match_other_version
20260510214909_86650747-c92f-46a6-9fd6-940986cf8707.sql,20260510214909,20260510214908,content_match_other_version
20260511100538_ba7e2e71-28ff-4b13-b12e-c8f98448b8f7.sql,20260511100538,,no_content_match
20260511100551_872301cc-6bea-43ad-9232-1c57a3bf23cd.sql,20260511100551,20260511100550,content_match_other_version
20260511100734_fa74f9ef-5f08-4cf1-afe8-fd41af0725c5.sql,20260511100734,20260511100733,content_match_other_version
20260511104405_aedb97d4-2a99-44a9-bf49-daa01d576722.sql,20260511104405,20260511104401,content_match_other_version
20260511110342_53371110-9a2c-481e-aa15-011d2237f4a2.sql,20260511110342,20260511110341,content_match_other_version
20260512095055_16754546-fe92-4fc3-8541-ae24c3cf47ed.sql,20260512095055,20260512095053,content_match_other_version
20260514082407_ddd6c05b-c92e-4e8a-bf2c-57d26916741d.sql,20260514082407,20260514082406,content_match_other_version
20260516222140_c065dc69-d9c3-480b-9e11-a75543318543.sql,20260516222140,20260516222139,content_match_other_version
20260517065241_c5cf53e2-b9c9-48be-9cf2-79812c4271ad.sql,20260517065241,20260517065241,content_exact_same_version
20260522222430_f6b0db55-476f-498e-80e7-ac8c00506502.sql,20260522222430,20260522222429,content_match_other_version
20260526122744_97fde84a-d167-4bf0-9e6a-efab3589688a.sql,20260526122744,20260526122742,content_match_other_version
20260526123946_b9da8139-256d-4379-b798-ea666c8af7aa.sql,20260526123946,20260526123945,content_match_other_version
20260529215338_471bd43e-f3b2-4f76-abfb-5602056f6fd3.sql,20260529215338,20260529215337,content_match_other_version
20260531195434_727d797f-3794-48c7-aac8-1afa827b05c9.sql,20260531195434,20260531195433,content_match_other_version
20260531203436_c0497a2d-4540-49b3-a734-e136dedb9b37.sql,20260531203436,20260531203435,content_match_other_version
20260531204824_b2bcec7c-9736-41fc-9c92-a41deac801ce.sql,20260531204824,20260531204824,content_exact_same_version
20260603232957_c1477698-c6e1-4725-8413-47d248db80e4.sql,20260603232957,20260603232956,content_match_other_version
20260604010239_6002c487-f82a-4862-b2e7-f5ffd2f80561.sql,20260604010239,20260604010238,content_match_other_version
20260605053712_e3bd7db1-942c-43d6-b42a-0b4447eb109d.sql,20260605053712,20260605053710,content_match_other_version
20260606074138_7eae6683-4540-4a80-b320-d4981350722d.sql,20260606074138,20260606074137,content_match_other_version
20260607233723_f88bb7fe-2e46-4be5-9cf3-179e9014e74a.sql,20260607233723,20260607233722,content_match_other_version
20260609112516_5f0aebc9-f194-440a-9e33-42a968309607.sql,20260609112516,20260609112515,content_match_other_version
20260609112935_90ddf4df-2f68-4e1a-8325-59ad9f8552a8.sql,20260609112935,20260609112935,content_exact_same_version
20260609224418_09045ff5-04b4-4714-bfb1-f8058f3c7304.sql,20260609224418,20260609224417,content_match_other_version
20260609225142_f36e9c15-6b0a-416d-ba27-d61875cbf244.sql,20260609225142,20260609225140,content_match_other_version
20260610063410_072a02be-a7a9-4edd-9f57-f0c11df309d6.sql,20260610063410,20260610063408,content_match_other_version
20260610100423_3b7b3bc3-161e-4cb6-a48b-1150b5cd57f3.sql,20260610100423,20260610100421,content_match_other_version
20260611090253_0bd34752-f384-4284-8826-1e5293946724.sql,20260611090253,20260611090252,content_match_other_version
20260611091420_a96cef21-271d-47ea-94c5-c00c06e71e71.sql,20260611091420,20260611091418,content_match_other_version
20260611122750_b9053432-1994-4561-a11c-c262838560fd.sql,20260611122750,20260611122749,content_match_other_version
20260611124017_bc003b10-107c-46a7-b589-d12788f78904.sql,20260611124017,20260611124016,content_match_other_version
20260612100032_bf824c66-2628-4cec-8b01-1e3cc2260064.sql,20260612100032,20260612100031,content_match_other_version
20260612101142_41e4ec0c-2245-4b30-b531-2df2a0140301.sql,20260612101142,20260612101142,content_exact_same_version
20260618110031_0597c452-16bd-48dc-a99f-cba0a537c36a.sql,20260618110031,20260618110029,content_match_other_version
20260618125241_e34bed7c-0549-4f3c-8535-8d6c8e2d601c.sql,20260618125241,20260618125240,content_match_other_version
20260619123329_9b2a489d-881e-4af5-b20e-fe00bc0564f9.sql,20260619123329,20260619123328,content_match_other_version
20260621113558_11443314-38a1-4e6b-a35b-da227bf4a32d.sql,20260621113558,20260621113556,content_match_other_version
20260622114830_ca3040c6-6882-487d-897e-866f1650b060.sql,20260622114830,20260622114828,content_match_other_version
20260622212522_0bff8a9f-ce25-4a33-b6c7-35929be95daa.sql,20260622212522,20260622212520,content_match_other_version
20260622222151_e2cff0ca-e79c-4a41-9034-f9ff33fb8244.sql,20260622222151,20260622222150,content_match_other_version
20260622234202_1c3185b4-57dd-48e5-af1c-239fb27c44a0.sql,20260622234202,20260622234200,content_match_other_version
20260623000440_045ab071-4599-4b40-bc5a-57b35340a061.sql,20260623000440,20260623000438,content_match_other_version
20260623001351_fe37a996-3d02-45b8-8bf0-cef0e52c72b1.sql,20260623001351,20260623001350,content_match_other_version
20260623072204_ba238bbb-a55c-4000-8b35-69eb36bb3cba.sql,20260623072204,20260623072203,content_match_other_version
20260623073735_16565aea-5a05-4b04-ad23-528486cf67a9.sql,20260623073735,20260623073733,content_match_other_version
20260623231844_3139b351-64d8-4705-bc30-2ff29aa82cc8.sql,20260623231844,20260623231843,content_match_other_version
20260623232551_8a1da59d-13ba-4831-9fc5-f957738fb6ad.sql,20260623232551,20260623232551,content_exact_same_version
20260623233235_7a2f0a15-b0f5-4651-a0f7-ec84c5cfdc2b.sql,20260623233235,20260623233234,content_match_other_version
20260624095137_39c3be11-82fa-4bd0-8384-7004403b09e8.sql,20260624095137,20260624095136,content_match_other_version
20260624200907_c5cdab49-46fd-4320-b8b1-8c4c424f7a92.sql,20260624200907,20260624200905,content_match_other_version
20260624214206_7b5f7c7c-8195-4192-b8c8-c7de909e33a3.sql,20260624214206,20260624214205,content_match_other_version
20260624221925_7a898099-a992-4cc6-b304-90686f95c5c6.sql,20260624221925,20260624221924,content_match_other_version
20260625092929_fd66eb06-263d-4f9e-9de6-8cc149d20b95.sql,20260625092929,20260625092928,content_match_other_version
20260625094746_03fbe38f-91c1-4f77-add8-4d8573bdae1e.sql,20260625094746,20260625094745,content_match_other_version
20260625111031_bdcf4d1d-fba5-4127-a64a-892562e2f96f.sql,20260625111031,20260625111026,content_match_other_version
20260625115620_227ed1e1-e12d-4a0f-afbd-588c28888fb0.sql,20260625115620,20260625115619,content_match_other_version
20260625184013_f838e1b2-ec94-4e8f-b41c-90377331a91b.sql,20260625184013,20260625184012,content_match_other_version
20260626112929_001b3d30-152d-43c7-b8ab-84413a4aa688.sql,20260626112929,20260626112927,content_match_other_version
20260627000047_cf2a1486-7627-42f1-94cb-24328767350d.sql,20260627000047,20260627000046,content_match_other_version
20260628124627_287fe6f5-5a44-4ddc-ba57-fab2582e9422.sql,20260628124627,20260628124626,content_match_other_version
20260629060824_a75ddfbf-a2d4-4e53-b368-b3f47ef8ebbe.sql,20260629060824,20260629060823,content_match_other_version
20260629074314_916dd6bd-214f-4d5f-ad0d-4bfe747fb198.sql,20260629074314,20260629074312,content_match_other_version
20260629080249_d6091f9a-cb36-4b1f-9beb-4966956f5e93.sql,20260629080249,20260629080248,content_match_other_version
20260629080345_0227141d-2bef-4bb3-94bb-0bb4b2df1ad9.sql,20260629080345,20260629080343,content_match_other_version
20260629080510_33a59d51-5aff-4499-8b20-da9939061a66.sql,20260629080510,20260629080509,content_match_other_version
20260629092405_4f7cbe7a-056e-41eb-b11f-dd6a2f7602a3.sql,20260629092405,20260629092404,content_match_other_version
20260629191748_7301bf77-84a3-4826-80b9-53f7f35d37fd.sql,20260629191748,20260629191746,content_match_other_version
20260629213244_dded2b2d-22ca-42e1-bbd3-cd84a562e1f6.sql,20260629213244,20260629213243,content_match_other_version
20260630062603_63efe266-48c0-449f-8c8e-7ba8d6834aaa.sql,20260630062603,20260630062600,content_match_other_version
20260630083258_02360da3-9a99-476d-b008-a3e8a703fd56.sql,20260630083258,20260630083257,content_match_other_version
20260630083700_1b4c3ecb-f958-4a51-9eaa-3fede4c8dd3d.sql,20260630083700,20260630083659,content_match_other_version
20260630100255_aa7116c0-f53a-4efa-bc00-87c9423682f0.sql,20260630100255,20260630100252,content_match_other_version
20260630105705_66a3a94c-c619-477b-a053-3a41b04fd63d.sql,20260630105705,20260630105704,content_match_other_version
20260630170429_0143b593-54cd-470a-b2e5-a4b26dc7599f.sql,20260630170429,20260630170428,content_match_other_version
20260704073144_9b0a0dc1-016c-48b2-92e2-369db142ea4d.sql,20260704073144,20260704073145,content_match_other_version
20260706185711_a3a2252f-5c5c-4609-8932-17ef2192091b.sql,20260706185711,20260706185711,content_exact_same_version
20260706191740_72a25467-df65-4dd4-ad04-2a049408e57f.sql,20260706191740,20260706191741,content_match_other_version
20260710214800_f6826731-75e8-40cb-a609-b4a2c938c7ff.sql,20260710214800,20260710214801,content_match_other_version
20260712191947_723e9905-d3d4-4e2e-8f76-16c65c5f7e2d.sql,20260712191947,20260712191948,content_match_other_version
20260714103613_f1db07fb-c4bd-4040-9a30-b4275d566d48.sql,20260714103613,20260714103644,content_match_other_version
20260714104534_acb858ff-0438-4d24-9fb8-accfc0f11743.sql,20260714104534,20260714104535,content_match_other_version
20260716130515_0369c048-28bc-4fbf-83ff-5375e922e6d6.sql,20260716130515,20260716130543,content_match_other_version
20260716132023_b0701541-d21b-4dae-b3be-619e8f998414.sql,20260716132023,20260716132023,content_exact_same_version
20260716205443_35b503fc-579d-4eb3-9525-51da86fdd2ed.sql,20260716205443,20260716205444,content_match_other_version
20260717113147_84721dad-2031-46db-8102-5b70dff414ae.sql,20260717113147,20260717113147,content_exact_same_version
20260717120303_7b4b36fc-6145-40e6-9666-e4b65d573acc.sql,20260717120303,20260717120304,content_match_other_version
20260717123612_8f687cfb-1b50-4ad5-9ea0-d1f78b5122db.sql,20260717123612,20260717123612,content_exact_same_version
20260717124628_fba2fa4d-6909-4c6b-9b94-1f15ddf50e05.sql,20260717124628,20260717124629,content_match_other_version
20260717131218_b1576dcf-11b7-49b8-ab62-3a5542f80c00.sql,20260717131218,20260717131219,content_match_other_version
20260717131422_4042de16-feb4-4adc-8a7f-7df68fed480e.sql,20260717131422,20260717131422,content_exact_same_version
20260717131802_85552e87-7784-4f46-b877-407dfec8c267.sql,20260717131802,20260717131802,content_exact_same_version
20260717142108_dac855f2-077b-4e80-bc14-8f083a4cee3c.sql,20260717142108,20260717142108,content_exact_same_version
20260718085344_cc23fca9-64ad-4617-8453-548571a98fe6.sql,20260718085344,20260718085344,content_exact_same_version
20260718092755_4ecde131-dad8-40aa-bf7b-3b25a72ee473.sql,20260718092755,20260718092755,content_exact_same_version
20260719074356_73cdaab8-0fbc-494f-94e6-6fa8485a91a1.sql,20260719074356,20260719074356,content_exact_same_version
20260720065838_1dff1d51-c825-4829-98e1-83e4be356aec.sql,20260720065838,20260720065838,content_exact_same_version
20260720070010_cb736a97-fb3e-44d6-ade1-dceb66f6e772.sql,20260720070010,20260720070010,content_exact_same_version
20260720072328_aec5dde0-70ed-4456-b08f-ee2e04569138.sql,20260720072328,20260720072329,content_match_other_version
20260720073936_2624416f-49bd-452c-98d8-aa6034ad868e.sql,20260720073936,20260720073936,content_exact_same_version
20260723201450_2a2103b7-4e11-4ada-af6e-9e908cfed8c1.sql,20260723201450,20260723201451,content_match_other_version
20260724090542_62514a8a-6edc-4924-9950-594937829a3a.sql,20260724090542,20260724090542,content_exact_same_version
20260724092244_006463cc-00b3-40b5-904c-61c54c402daf.sql,20260724092244,20260724092245,content_match_other_version
20260725184028_7a0c5583-ba85-4f2e-98c4-7d9328076725.sql,20260725184028,20260725184029,content_match_other_version
20260725190042_363d5969-ff5e-40c0-b481-a50fa70c1d12.sql,20260725190042,20260725190043,content_match_other_version
20260725192202_8e76edf8-e6c1-40b9-8188-21c39fcbd8b9.sql,20260725192202,20260725192202,content_exact_same_version
20260728111314_5d8f31d7-9819-4682-bf95-819ecc7fb3f0.sql,20260728111314,20260728111316,content_match_other_version
20260729061604_b0a70f6d-171d-4b91-ae94-3108a45983ad.sql,20260729061604,20260729061607,content_match_other_version
20260730085821_18900070-315c-4ac1-8fec-fe778a52ca2d.sql,20260730085821,20260730085821,content_exact_same_version
20260731000908_dc2df35b-cb07-4797-9485-a858a32ebdfb.sql,20260731000908,20260731000908,content_exact_same_version
20260731072756_3e051877-cae6-4323-9e35-a5b19fb63857.sql,20260731072756,20260731072756,content_exact_same_version
20260731134850_336008d6-3bf4-4dcc-8f5d-53498b5591bf.sql,20260731134850,,no_content_match
20260731184728_660b1bac-c685-45ae-8cf3-769f81061cbe.sql,20260731184728,20260731184728,content_exact_same_version
20260731191030_09de039a-7b1a-4eae-aa7e-38ed72dcec95.sql,20260731191030,20260731191030,content_exact_same_version
20260801072843_d9a0f07b-28de-46b9-b42d-c8745f403090.sql,20260801072843,20260801072843,content_exact_same_version
20260802105148_0b328659-a25a-4b08-b54c-4db7a3cb8541.sql,20260802105148,20260802105148,content_exact_same_version
20260803073138_e03eabb9-9ffc-4641-bbee-1c14b7ac4a88.sql,20260803073138,20260803073138,content_exact_same_version
20260803075146_40fb869f-6ec0-4900-8e46-7aea5c28c29d.sql,20260803075146,20260803075146,content_exact_same_version
20260803193917_cb337c6d-67d9-4a73-93c2-45fc4f8ddc4d.sql,20260803193917,20260803193917,content_exact_same_version
20260803194052_b82ccee3-79e4-4ef8-b8c1-7eacc2b5d1de.sql,20260803194052,20260803194052,content_exact_same_version
20260803194125_3806c204-65e1-41b7-b37c-34a3665c5d22.sql,20260803194125,20260803194125,content_exact_same_version
20260803195451_d4383cef-117f-44fe-ada4-edb092606c84.sql,20260803195451,20260803195451,content_exact_same_version
20260803200103_0c9cd581-43b2-450c-a8f3-01e1476bea4e.sql,20260803200103,20260803200103,content_exact_same_version
20260803201804_b77984d1-3a52-4ef4-9f15-1563265c56a3.sql,20260803201804,20260803201804,content_exact_same_version
20260803224008_0f1ea9f4-6c18-42fe-b6da-61231eb49903.sql,20260803224008,20260803224008,content_exact_same_version
20260803232302_acc7c4e5-4148-48c0-8f35-8c2299e23944.sql,20260803232302,20260803232302,content_exact_same_version
20260805185103_b8924e02-7328-4878-a630-d1d490bfa791.sql,20260805185103,20260805185103,content_exact_same_version
20260805204251_7df22c14-6511-426c-b2f7-ffe4ee117a2f.sql,20260805204251,20260805204251,content_exact_same_version
20260805211810_a34026ef-b350-43fc-ad20-cbe55694b7a1.sql,20260805211810,20260805211810,content_exact_same_version
20260805215015_65064019-c350-4332-9bdb-ecbda0dc7696.sql,20260805215015,20260805215015,content_exact_same_version
20260805220755_478ab9b8-1537-47c5-a175-c875303c3881.sql,20260805220755,20260805220755,content_exact_same_version
20260805222521_c769e08a-c5b8-450c-9fbd-60863b206fde.sql,20260805222521,20260805222521,content_exact_same_version
20260805222715_ccc0093c-15c8-4d5f-ad96-befb18c103e4.sql,20260805222715,20260805222715,content_exact_same_version
20260805223734_f8e72ed3-9acf-4821-8703-d23ef8f11dc1.sql,20260805223734,20260805223734,content_exact_same_version
20260805224606_f6ed9e48-d97a-4fd1-b79a-dceca76b50d5.sql,20260805224606,20260805224606,content_exact_same_version
20260805230045_529d8f2e-9791-442b-83db-a48569d105b1.sql,20260805230045,20260805230045,content_exact_same_version
20260805231555_beb15a41-5968-44a8-911c-4065cd1be3d8.sql,20260805231555,20260805231555,content_exact_same_version
20260805232753_efb994e5-83b9-4dd8-82ba-e5d09e09ecfd.sql,20260805232753,20260805232753,content_exact_same_version
20260806085311_ef37cf28-a12c-4e23-861d-5aa58fce2d50.sql,20260806085311,20260806085311,content_exact_same_version
20260806090825_c536ea80-a143-4fee-8451-6a25b2eb496f.sql,20260806090825,20260806090825,content_exact_same_version
20260806095047_39981619-d770-4067-92bb-ca4e67b78be5.sql,20260806095047,20260806095047,content_exact_same_version
20260806095831_0cf059c6-c87a-45b4-b9d5-9ee3178708e9.sql,20260806095831,20260806095831,content_exact_same_version
20260806100525_270be6f8-4a00-45cc-87fc-10ff3c2fa288.sql,20260806100525,20260806100525,content_exact_same_version
20260806114323_1e550825-efc3-463b-ab7b-a33654e9de49.sql,20260806114323,20260806114323,content_exact_same_version
20260806114647_94fe1383-f2e9-4b09-90ee-08e5089c9c26.sql,20260806114647,20260806114647,content_exact_same_version
20260806211045_48a92cf4-6953-410e-9c95-785cc635818d.sql,20260806211045,20260806211045,content_exact_same_version
20260806211122_4d9f6424-83bb-4bb2-97d1-ef45c6579336.sql,20260806211122,20260806211122,content_exact_same_version
20260806211303_93a775e5-e551-41cc-8729-06650f5ef5a5.sql,20260806211303,20260806211303,content_exact_same_version
20260807065334_62949d9d-2499-482f-8cb0-dc4bb626d148.sql,20260807065334,20260807065334,content_exact_same_version
20260807085348_765b7d06-0b75-4850-9581-0e17bf90345f.sql,20260807085348,20260807085348,content_exact_same_version
20260807105803_b59312e8-6680-48c5-b181-2c7857dc1cb6.sql,20260807105803,20260807105803,content_exact_same_version
20260807105912_50ea3742-79f4-42f4-bec2-79ca6bc277dd.sql,20260807105912,20260807105912,content_exact_same_version
20260807142746_699c6484-087d-4a45-ae9a-388447fe4ed4.sql,20260807142746,20260807142746,content_exact_same_version
20260807143727_de0034e1-e828-4038-9113-3af66d1dafe4.sql,20260807143727,20260807143727,content_exact_same_version
20260807213449_52fed8a0-2db1-4982-8043-3fd28e594485.sql,20260807213449,20260807213449,content_exact_same_version
20260808192847_7b27b621-8917-4bf1-a1d4-7cebc4141b04.sql,20260808192847,20260808192847,content_exact_same_version
20260808202422_bc566854-9170-487a-8fd1-2207a9b469ac.sql,20260808202422,20260808202422,content_exact_same_version
20260808202443_650ba1bc-1cbb-43e4-a1f8-5b8b6a79dfed.sql,20260808202443,20260808202443,content_exact_same_version
20260808230135_e2e1615b-027a-4017-ba91-cbc8e6d79f4b.sql,20260808230135,20260808230135,content_exact_same_version
20260809195546_5964d9fa-3b48-4be2-bdcd-4668d0b5a18c.sql,20260809195546,20260809195546,content_exact_same_version
20260810095752_dbc6bdf6-293b-45e2-b2e2-b470938eff92.sql,20260810095752,20260810095752,content_exact_same_version
20260811200322_f14a92fc-ff44-41f3-aa2a-b6bab95514db.sql,20260811200322,20260811200322,content_exact_same_version
20260812212128_7420caef-e4ff-44a6-ad98-64dd5079326c.sql,20260812212128,20260812212128,content_exact_same_version
20260812214305_2c2d8e09-35c4-4dab-9de9-edc8b6f94de7.sql,20260812214305,20260812214305,content_exact_same_version
20260812214345_3b9d0263-3ff9-4da1-a391-5d312aad5bd4.sql,20260812214345,20260812214345,content_exact_same_version
20260812222606_9c3c2b9c-6653-4f5d-b467-2c00d274752a.sql,20260812222606,20260812222606,content_exact_same_version
20260812223147_cb0fb7af-5cd6-4f21-b35a-2c06ad47740d.sql,20260812223147,20260812223147,content_exact_same_version
20260812233804_9c6cafd4-9b98-41c8-bee1-d63394e049cc.sql,20260812233804,20260812233804,content_exact_same_version
20260813091924_37c97e14-37a5-4719-bfd8-eaa03442e179.sql,20260813091924,20260813091924,content_exact_same_version
20260813091942_5a606752-be83-4a93-8a41-f310c822783a.sql,20260813091942,20260813091942,content_exact_same_version
20260813092154_8f6bf7ee-6807-4b3b-80d7-f2c83aee00d5.sql,20260813092154,20260813092154,content_exact_same_version
20260813110531_c2b797ab-f2d8-4f22-98dc-21107d5af700.sql,20260813110531,20260813110531,content_exact_same_version
20260813111901_0280af33-fbbd-496a-8686-e18f39c5626c.sql,20260813111901,20260813111901,content_exact_same_version
20260813123354_4e8ea273-0d93-426b-a07d-ad9bb8c0afe5.sql,20260813123354,20260813123354,content_exact_same_version
20260813123556_def190db-e5b8-4122-ae7d-1e2737cee161.sql,20260813123556,20260813123556,content_exact_same_version
20260813123655_727fae5b-54b9-48b3-a655-bb588c916e72.sql,20260813123655,20260813123655,content_exact_same_version
20260813123836_c4974ea6-8fad-4ccd-b5e2-252f5e9cdb82.sql,20260813123836,20260813123836,content_exact_same_version
20260813180557_a6d9c63f-653f-400d-8704-945e31d1daa5.sql,20260813180557,20260813180557,content_exact_same_version
20260813183411_bfff91e1-f325-40c7-b94e-b81b970720cf.sql,20260813183411,20260813183411,content_exact_same_version
20260813224639_dd432a8b-160b-4fc6-be08-62df181758d3.sql,20260813224639,20260813224639,content_exact_same_version
20260813224748_aebce0e8-0c3b-4a64-a6cf-a5840e59993e.sql,20260813224748,20260813224748,content_exact_same_version
20260814060458_f42eb0f1-fa66-4a71-80e2-7c6899dd1d80.sql,20260814060458,20260814060458,content_exact_same_version
20260814061958_b011d9bf-a3a9-4a15-89e6-c817ce97841a.sql,20260814061958,20260814061958,content_exact_same_version
20260814062603_4066ad04-4a58-4ab7-b503-3c71f86532af.sql,20260814062603,20260814062603,content_exact_same_version
20260814062655_d69c5191-1949-43f5-a635-67340d819fae.sql,20260814062655,20260814062655,content_exact_same_version
20260814062806_d3deb65b-d42b-4f70-9509-fd3f6bdde8b6.sql,20260814062806,20260814062806,content_exact_same_version
20260814063220_3aa8ab95-6d22-466b-ab91-cd04c94d7d1e.sql,20260814063220,20260814063220,content_exact_same_version
20260814075406_f930209d-85e9-49a0-9b79-62e10aeeb308.sql,20260814075406,20260814075406,content_exact_same_version
20260814080347_be469490-20ab-472e-91c6-052671e2841d.sql,20260814080347,20260814080347,content_exact_same_version
20260814084420_2e2917f6-20d4-4be1-a584-cfd5aa83015b.sql,20260814084420,20260814084420,content_exact_same_version
20260814124031_3c42902f-16ce-4cd5-99b2-5b909bac0448.sql,20260814124031,20260814124031,content_exact_same_version
20260814125029_bd4e6486-c313-453f-b571-81d301bdfc00.sql,20260814125029,20260814125029,content_exact_same_version
20260814154939_9493ffee-5809-466e-b6f3-fddc6849774e.sql,20260814154939,20260814154939,content_exact_same_version
20260814155116_0db45c38-fa97-4b94-97c0-976d47f5d94f.sql,20260814155116,20260814155116,content_exact_same_version
20260814183815_35c42467-4f92-42e1-abac-401ee3327dbe.sql,20260814183815,20260814183815,content_exact_same_version
20260814205716_65aa1e09-bd93-419e-a3a0-e2b8e0c7c076.sql,20260814205716,20260814205716,content_exact_same_version
20260814211437_349710ba-d2f7-4ce6-b863-de46a0ad946b.sql,20260814211437,20260814211437,content_exact_same_version
20260814214722_b5edf36e-947f-4e19-b01a-7c190df11ce0.sql,20260814214722,20260814214722,content_exact_same_version
20260814214738_524f9083-fe32-4a04-acb9-b8e215a60510.sql,20260814214738,20260814214738,content_exact_same_version
20260815132107_59add240-bfd7-4015-8d5f-85f8897b644c.sql,20260815132107,20260815132107,content_exact_same_version
20260815133335_14390529-bcd0-4cd5-ba28-ca933a9fc605.sql,20260815133335,20260815133335,content_exact_same_version
20260815135904_23b6cc8d-353c-433a-a823-905c26fbb3c1.sql,20260815135904,20260815135904,content_exact_same_version
20260815140217_e1a5c841-fd8b-4ad8-8056-d39efd1b8c51.sql,20260815140217,20260815140217,content_exact_same_version
20260815224013_2a69b3c5-3f33-4177-afc3-d247bbaf8ea7.sql,20260815224013,20260815224013,content_exact_same_version
20260815224410_a4bc6a4d-21fc-4791-8c37-569f79fcc324.sql,20260815224410,20260815224410,content_exact_same_version
20260815225111_1fd7049d-9494-412d-8a0d-d1aa8ed3eb45.sql,20260815225111,20260815225111,content_exact_same_version
20260815234810_bbd984d9-eb45-4f94-9fad-8cbce02b3639.sql,20260815234810,20260815234810,content_exact_same_version
20260815234903_4b0c48e6-6c3e-47fb-aaac-580f7faf2ffb.sql,20260815234903,20260815234903,content_exact_same_version
20260816211406_663fd4d1-e156-4f0f-a353-71e9e8cdcc20.sql,20260816211406,20260816211406,content_exact_same_version
20260816211522_84a6e383-81c2-4ce7-a89c-4ed1cd994784.sql,20260816211522,20260816211522,content_exact_same_version
20260817065904_41c46dbb-a324-4a6c-a2e7-811123f0d39e.sql,20260817065904,20260817065904,content_exact_same_version
20260817075138_9ce9fec4-93c4-4276-85fb-5341ae445188.sql,20260817075138,20260817075138,content_exact_same_version
20260817115916_e5310909-d6bb-45b0-b530-7e42025d2648.sql,20260817115916,20260817115916,content_exact_same_version
20260817121434_35e7638b-1533-435b-8e81-1689d2d079ff.sql,20260817121434,20260817121434,content_exact_same_version
20260817151813_5a3e047f-d178-4ddd-a0a3-116857daa7a7.sql,20260817151813,20260817151813,content_exact_same_version
20260817151912_e441ec3d-16ba-45f3-95b8-a37f2da559b5.sql,20260817151912,20260817151912,content_exact_same_version
20260817152132_f0017999-4605-4a17-a2a5-1ac6404f2ef9.sql,20260817152132,20260817152132,content_exact_same_version
20260817160943_013b0f2f-3a14-4b8a-b074-336010bf7d1b.sql,20260817160943,20260817160943,content_exact_same_version
20260817212400_7c09402a-b777-4f31-8acb-d35b9bddf9b5.sql,20260817212400,20260817212400,content_exact_same_version
20260817212436_442ae433-b048-4908-8693-23bb84d2ffd4.sql,20260817212436,20260817212436,content_exact_same_version
20260817212455_753a515d-7db2-4bba-91d7-2e35066a40f5.sql,20260817212455,20260817212455,content_exact_same_version
20260817212608_470e95d2-884c-4573-95c1-6b65332a9759.sql,20260817212608,20260817212608,content_exact_same_version
20260817212703_b721c8fc-a5d5-408a-8115-7223a5c1d207.sql,20260817212703,20260817212703,content_exact_same_version
20260817212948_6df90dbd-6b8c-4578-8f1b-7ea7ef7a7329.sql,20260817212948,20260817212948,content_exact_same_version
20260817213234_d09e62e4-98ce-4309-8780-058752f43ca1.sql,20260817213234,20260817213234,content_exact_same_version
20260817221425_973fc1ac-274e-47ce-aaf0-3c5918b8b5fe.sql,20260817221425,20260817221425,content_exact_same_version
20260817230147_90a8b9c6-481e-463f-9a90-ac3d03f88576.sql,20260817230147,20260817230147,content_exact_same_version
20260817231952_5b4cf750-c4aa-42ec-98ae-61cbe8c1750a.sql,20260817231952,20260817231952,content_exact_same_version
20260817232138_0b3faf83-5143-48e6-8e28-988a4a119331.sql,20260817232138,20260817232138,content_exact_same_version
20260818061636_7090e5b3-340e-499d-ba11-2b6233836cc1.sql,20260818061636,20260818061636,content_exact_same_version
20260818071357_65fd8a83-bc3d-4fc7-9d87-be76ffb24522.sql,20260818071357,20260818071357,content_exact_same_version
20260818072033_6fdd5323-0727-449f-bb9b-a44f1b43d399.sql,20260818072033,20260818072033,content_exact_same_version
20260818072456_00949c59-17f7-4186-9212-dd2aa93b75b3.sql,20260818072456,20260818072456,content_exact_same_version
20260818075044_f9d69e41-f1f6-4abb-ae72-942c965a3a76.sql,20260818075044,20260818075044,content_exact_same_version
20260818075433_cc904094-1906-452b-9dfa-28f278f7e5e4.sql,20260818075433,20260818075433,content_exact_same_version
20260818085022_1816e724-e590-439d-9310-7761704952d2.sql,20260818085022,20260818085022,content_exact_same_version
20260818100844_d0b646a1-62f4-4a2f-9ddb-7846423cc0e6.sql,20260818100844,20260818100844,content_exact_same_version
20260818101041_8e8d39be-572c-471c-bb41-c3115b16e35d.sql,20260818101041,20260818101041,content_exact_same_version
20260818121348_243da727-b062-4624-b9da-b624a1963d9d.sql,20260818121348,20260818121348,content_exact_same_version
20260818124745_15d603b4-0862-4453-ba84-f900459fb277.sql,20260818124745,20260818124745,content_exact_same_version
20260818155355_96f9980a-dc9b-498f-8b33-d4ada2f8c141.sql,20260818155355,20260818155355,content_exact_same_version
20260818160408_9de515bd-6cb2-4bd4-be1a-cf9df3ca1580.sql,20260818160408,20260818160408,content_exact_same_version
20260818213334_3dd22798-479e-4418-8632-5ecb24b0a44d.sql,20260818213334,20260818213334,content_exact_same_version
20260818220917_581a61b1-6af0-41bb-b0c0-f3048c1f6f3a.sql,20260818220917,20260818220917,content_exact_same_version
20260818222752_1cddc10b-11bf-4823-88b7-c627dc5aa6ca.sql,20260818222752,20260818222752,content_exact_same_version
20260818233240_0a323a2a-29e5-4664-a18e-5c1ad3201526.sql,20260818233240,20260818233240,content_exact_same_version
20260818233336_7dc7c6f5-7c02-4279-8227-a6d564463854.sql,20260818233336,20260818233336,content_exact_same_version
20260819071835_d9e25af7-b9ca-4f7c-86aa-4dc93714203a.sql,20260819071835,20260819071835,content_exact_same_version
20260819083354_45444596-dcb6-4c75-8bc7-16a84c57ce92.sql,20260819083354,20260819083354,content_exact_same_version
20260819230435_1c31341c-d115-4b22-b4a7-f6b59bbba208.sql,20260819230435,20260819230435,content_exact_same_version
20260821082934_f5fb4043-1d82-42c1-a206-f2a875454ccd.sql,20260821082934,20260821082934,content_exact_same_version
20260821180314_5dd8ddba-f99b-4851-a75b-253e9446b705.sql,20260821180314,20260821180314,content_exact_same_version
20260822002236_60e64fb6-3662-4ece-90fd-d1999b996eff.sql,20260822002236,20260822002236,content_exact_same_version
20260822002314_efb0d253-9861-456b-9da7-da29aa107b1e.sql,20260822002314,20260822002314,content_exact_same_version
20260824010343_58a2d74d-8e2d-41e2-adb0-a3e2576785ec.sql,20260824010343,20260824010343,content_exact_same_version
20260825224759_6c59e886-405f-4e7b-a433-9672b55bf9c9.sql,20260825224759,20260825224759,content_exact_same_version
20260827081609_994c3849-b3c4-4849-a515-142bd2abdc1f.sql,20260827081609,20260827081609,content_exact_same_version
20260827094512_37a985a4-cb14-4ce8-9a04-43f75cd26184.sql,20260827094512,20260827094512,content_exact_same_version
20260827094630_b041ec01-598b-4066-ad2f-fff7a83c6d09.sql,20260827094630,20260827094630,content_exact_same_version
20260827105027_6d129598-f073-4764-8a77-9a8a37ce71c7.sql,20260827105027,20260827105027,content_exact_same_version
20260828062331_306b7935-a1e9-4363-b16d-8c65fad03a91.sql,20260828062331,20260828062331,content_exact_same_version
20260828103101_c356df6c-748b-494a-ae8a-5376a829ac5d.sql,20260828103101,20260828103101,content_exact_same_version
20260828234135_aa140c12-7391-4e61-be4f-f74345668e96.sql,20260828234135,20260828234135,content_exact_same_version
20260828234331_d4dc13e4-60c7-40ea-9aba-df218b152660.sql,20260828234331,20260828234331,content_exact_same_version
20260829084704_518ce69a-0799-4ec1-8beb-7fb32baa3cca.sql,20260829084704,20260829084704,content_exact_same_version
20260829135558_f0037825-ccff-4b35-b0b2-aa6566be826c.sql,20260829135558,20260829135558,content_exact_same_version
20260829222108_71c46f91-ec43-43d8-a5bb-dd1b124d6bbd.sql,20260829222108,20260829222108,content_exact_same_version
20260829224959_c7869fdc-124e-4ae3-b790-cc40d53523bb.sql,20260829224959,20260829224959,content_exact_same_version
20260829225139_102f5d84-c1a8-49a7-9b88-cd4cf41288ae.sql,20260829225139,20260829225139,content_exact_same_version
20260829225242_9933aaa9-aac7-497d-83bc-167c25a51cc9.sql,20260829225242,20260829225242,content_exact_same_version
20260829231024_d15f96cb-9c4c-44d0-a92d-e89ec9d0bd8a.sql,20260829231024,20260829231024,content_exact_same_version
20260829232941_2d13534e-1deb-4374-96d1-ea78ba86fd6e.sql,20260829232941,20260829232941,content_exact_same_version
20260830064542_10f5dc3d-4931-4a0d-8fd9-2c7faa7bb412.sql,20260830064542,20260830064542,content_exact_same_version
20260831121505_bca8a198-a6ac-4881-827d-c61ef584905a.sql,20260831121505,20260831121505,content_exact_same_version
20260831133000_combat2_dispatch_scheduler_foundation.sql,20260831133000,,no_content_match
20260831210148_5d441ae5-f994-4b1d-92ed-1ba8b98742dd.sql,20260831210148,20260831210148,content_exact_same_version
20260831211359_1bb44c0d-f790-435a-8c66-55cca852b997.sql,20260831211359,20260831211359,content_exact_same_version
20260901104835_d1bb417e-56d2-4c4b-b34b-afbad1c26d5e.sql,20260901104835,20260901104835,content_exact_same_version
20260902052308_e24cd7f0-db0b-4a88-85ac-f2908ed7fcad.sql,20260902052308,20260902052308,content_exact_same_version
20260902093129_6e2ff6de-db65-4d4d-83e1-dadcfebaa70c.sql,20260902093129,20260902093129,content_exact_same_version
20260902123413_f5e0f14f-b91d-451a-a267-fbe6fea9665c.sql,20260902123413,20260902123413,content_exact_same_version
20260902194101_e3b1caf6-58cf-4028-b292-49cc3c283914.sql,20260902194101,20260902194101,content_exact_same_version
20260903061136_4c6938e6-7905-44c5-8a1c-ab1a56a823e4.sql,20260903061136,20260903061136,content_exact_same_version
20260905082334_5d50f67c-0c25-4ac3-a726-a6aeaaee583b.sql,20260905082334,20260905082334,content_exact_same_version
20260905090000_combat2_continued_basic_attack.sql,20260905090000,20260905082334,content_match_other_version
20260905122354_fe51d6aa-fe6f-4ccb-93ca-51405314682e.sql,20260905122354,20260905122354,content_exact_same_version
20260905194227_fbe2e172-650d-43c2-a3d2-b6dff0c3210a.sql,20260905194227,20260905194227,content_exact_same_version
20260905223641_ab9fdebc-0a3a-4b6a-a0a3-b99b944953a8.sql,20260905223641,20260905223641,content_exact_same_version
20260906001238_8c52869c-2e3d-4602-aa5a-96ea750f63d6.sql,20260906001238,20260906001238,content_exact_same_version
20260906001327_2c0c7a72-6eea-4cb2-b282-2175f4c1d2ca.sql,20260906001327,20260906001327,content_exact_same_version
20260906131558_19f87cbf-1f77-4f69-b04d-d29fbf0edb7b.sql,20260906131558,20260906131558,content_exact_same_version
20260906134803_7ca9b782-4f52-47e1-9691-8b286ca26c48.sql,20260906134803,20260906134803,content_exact_same_version
20260906144044_f8e846c5-a26e-447b-9328-a0c5e57af6ee.sql,20260906144044,20260906144044,content_exact_same_version
20260906144149_14cfbe5d-c375-4c2a-af37-ee4e7e0fca5a.sql,20260906144149,20260906144149,content_exact_same_version
20260906160000_combat2_test_environment_controls.sql,20260906160000,,no_content_match
20260907051948_f907b2a9-78e9-4e38-a179-68f04e0cbc7d.sql,20260907051948,20260907051948,content_exact_same_version
20260907055519_afa767b2-4995-40e0-a8aa-8f1af2463794.sql,20260907055519,20260907055519,content_exact_same_version
20260907055727_c6b1b60c-d04e-4592-9cab-a25c62f41227.sql,20260907055727,20260907055727,content_exact_same_version
20260907105429_656d5fe4-3405-40f5-8ece-66802dd61dd2.sql,20260907105429,20260907105429,content_exact_same_version
20260907105500_fa9113ec-a477-4b9b-ba16-4ca58e6eb836.sql,20260907105500,20260907105500,content_exact_same_version
20260907110000_combat2_test_runs.sql,20260907110000,,no_content_match
20260907123241_1498e0d0-d1ff-4ad2-b149-7a8390b888bb.sql,20260907123241,20260907123241,content_exact_same_version
20260907175312_a1267bef-2b48-4d6e-b932-471139504a93.sql,20260907175312,20260907175312,content_exact_same_version
20260907200000_combat2_final_ability_closure.sql,20260907200000,20260907200000,content_exact_same_version
20260908101012_50a06710-aefe-4487-a7ed-f0c2e5858ab2.sql,20260908101012,20260908101012,content_exact_same_version
20260908112320_21e93e42-d887-4725-83f3-95379c287b76.sql,20260908112320,20260908112320,content_exact_same_version
20260908122530_e728cbda-72d0-415c-96bf-a8758fe327ac.sql,20260908122530,20260908122530,content_exact_same_version
20260908175256_2e41c1c0-9b14-40a2-9627-68f6cf7dbc2b.sql,20260908175256,20260908175256,content_exact_same_version
20260908210000_inventory_character_authority.sql,20260908210000,20260908213420,content_match_other_version
20260908213420_bbfa1b05-0000-4dbf-b662-1ab7e37699c9.sql,20260908213420,20260908213420,content_exact_same_version
20260909055849_0c556823-d241-4047-af69-e45a508523a5.sql,20260909055849,20260909055849,content_exact_same_version
20260909090000_authoritative_hidden_path_search.sql,20260909090000,20260909055849,content_match_other_version
20260909120000_combat2_authoritative_rewards_loot.sql,20260909120000,20260909133041,content_match_other_version
20260909133041_4e1b901d-4adc-4ce3-a8fa-9efd960d88b3.sql,20260909133041,20260909133041,content_exact_same_version
20260909150000_combat2_equipment_durability.sql,20260909150000,20260909195259,content_match_other_version
20260909195259_2f0ee956-21cb-4eeb-94ff-2be48319b7af.sql,20260909195259,20260909195259,content_exact_same_version
20260909210000_combat2_node_canary_control.sql,20260909210000,20260909220525,content_match_other_version
20260909220525_d15f854b-107c-4813-b8c6-be58bc5b8c1d.sql,20260909220525,20260909220525,content_exact_same_version
20260910090000_combat2_test_arena_lifecycle_repair.sql,20260910090000,20260910220826,content_match_other_version
20260910220826_bacf628a-c62f-4890-9694-58494a7d6614.sql,20260910220826,20260910220826,content_exact_same_version
20260911100000_combat2_test_arena_runtime_repair.sql,20260911100000,20260911211108,content_match_other_version
20260911211108_ba48e45e-1b5c-44bb-9f50-db8e70180936.sql,20260911211108,20260911211108,content_exact_same_version
20260911222513_76362b2d-cdb0-4f60-82e3-52754aacfde6.sql,20260911222513,20260911222513,content_exact_same_version
20260912100000_combat2_commit_and_automatic_arena_lifecycle.sql,20260912100000,20260911222513,content_match_other_version
20260912140000_combat2_departure_state_projection.sql,20260912140000,20260913212845,content_match_other_version
20260913100000_combat2_production_cutover.sql,20260913100000,20260913212930,content_match_other_version
20260913212845_6e9e221b-672b-4dd5-a804-1d657ab3b6bc.sql,20260913212845,20260913212845,content_exact_same_version
20260913212930_792138d6-ff33-4dd1-868c-85d0e930f112.sql,20260913212930,20260913212930,content_exact_same_version
20260914080422_2363a563-fe6c-4a67-b49e-ef6531184c23.sql,20260914080422,20260914080422,content_exact_same_version
20260914080520_a3a5b23b-ef86-4820-a67e-98eb1bb760cd.sql,20260914080520,20260914080520,content_exact_same_version
20260914100000_combat2_boss_catalogue_normalization.sql,20260914100000,20260914080422,content_match_other_version
20260914110000_combat2_boss_tick_timing.sql,20260914110000,20260914080520,content_match_other_version
20260914122540_257e8c25-12a0-4b99-8139-46b6fa17fa8f.sql,20260914122540,20260914122540,content_exact_same_version
20260914125929_4019a56a-54d2-49dd-b46f-6c2edd93a2a9.sql,20260914125929,20260914125929,content_exact_same_version
20260915100000_combat2_special_transition_fences.sql,20260915100000,20260914122540,content_match_other_version
20260915120000_combat2_inactive_fighter_lifecycle.sql,20260915120000,20260914125929,content_match_other_version
20260915130000_admin_area_type_rename.sql,20260915130000,20260917132836,content_match_other_version
20260915140000_admin_reciprocal_node_connections.sql,20260915140000,20260917132943,content_match_other_version
20260915150000_admin_region_initial_node_creation.sql,20260915150000,20260917133016,content_match_other_version
20260915160000_admin_adjacent_node_creation.sql,20260915160000,20260917133107,content_match_other_version
20260915170000_admin_batch_node_mutation.sql,20260915170000,20260917133154,content_match_other_version
20260915180000_admin_loot_table_mutation.sql,20260915180000,20260917133256,content_match_other_version
20260915190000_combat2_authoritative_reward_model.sql,20260915190000,20260917133413,content_match_other_version
20260915200000_combat2_authoritative_reward_channels.sql,20260915200000,,no_content_match
20260916112047_236c1f40-146d-4205-805e-718169631d12.sql,20260916112047,20260916112047,content_exact_same_version
20260917132836_8fd4df86-2c59-4bd2-aa64-5f841b37e46c.sql,20260917132836,20260917132836,content_exact_same_version
20260917132943_e13f0804-89c2-43b5-88d1-0a5cc88c8af9.sql,20260917132943,20260917132943,content_exact_same_version
20260917133016_34f930e7-7795-4fbd-99aa-f5a87b390b84.sql,20260917133016,20260917133016,content_exact_same_version
20260917133107_c49ddc4a-c27a-4973-bb3e-5acb29d39b5d.sql,20260917133107,20260917133107,content_exact_same_version
20260917133154_c5911ee4-a930-431e-831c-c22a31fbf8ba.sql,20260917133154,20260917133154,content_exact_same_version
20260917133256_dc1edbc9-46cd-4f57-a839-66e427769cb2.sql,20260917133256,20260917133256,content_exact_same_version
20260917133413_fc7e672e-18b4-4103-9e8a-40f493fa167f.sql,20260917133413,20260917133413,content_exact_same_version
20260920234050_6123eb9c-3809-4694-8c05-52c9442d80ef.sql,20260920234050,20260920234050,content_exact_same_version
20260920234117_97de82ce-f036-4d99-b390-82a4872aa0ed.sql,20260920234117,20260920234117,content_exact_same_version
20260921100000_combat2_bounded_diagnostics.sql,20260921100000,20260920234050,content_match_other_version
20260921110000_combat2_diagnostic_dispatch_integration.sql,20260921110000,20260920234117,content_match_other_version
20260921223049_274ba4d5-ba04-41c3-90fd-ab79cd77b566.sql,20260921223049,20260921223049,content_exact_same_version
20260922100000_int_wis_max_cp_and_combat2_regen.sql,20260922100000,20260922112544,content_match_other_version
20260922112544_a2d63b3d-4f07-4641-a911-f6cf25ee1b45.sql,20260922112544,20260922112544,content_exact_same_version
20260922140000_combat2_engagement_release_lifecycle.sql,20260922140000,20260922210004,content_match_other_version
20260922210004_378f1214-3c89-404b-a8f9-49642fc2a46a.sql,20260922210004,20260922210004,content_exact_same_version
20260923084603_63ed1235-60fa-4f63-a4a6-f37673d50ae8.sql,20260923084603,20260923084603,content_exact_same_version
20260923100000_authoritative_ooc_resource_settlement.sql,20260923100000,20260923101233,content_match_other_version
20260923101233_3c56c1fc-a209-492b-a3ec-7eb752390f4c.sql,20260923101233,20260923101233,content_exact_same_version
20260924100000_combat2_post_completion_settlement_ownership.sql,20260924100000,20260924100000,content_exact_same_version
20260924110000_combat2_intent_spendable_cp_preflight.sql,20260924110000,20260924110000,content_exact_same_version
20260928100000_combat2_authoritative_arrival_hostile_initiation.sql,20260928100000,20260928213905,content_match_other_version
20260928213905_bbf754d1-f039-447c-8b43-eacf987b77eb.sql,20260928213905,20260928213905,content_exact_same_version
20260929093442_8b9ada16-f768-4652-9a47-5fd1c147699d.sql,20260929093442,20260929093442,content_exact_same_version
20260929100000_combat2_immediate_authoritative_departure.sql,20260929100000,20260929093442,content_match_other_version
20260929130000_combat2_world_heartbeat_identity.sql,20260929130000,20260929211804,content_match_other_version
20260929211804_761d0556-953f-4c59-92d2-da56eca4b29e.sql,20260929211804,20260929211804,content_exact_same_version
20260930130000_combat2_encounter_schedule_drift.sql,20260930130000,20260930130000,content_exact_same_version
20261001100000_combat2_present_equipment_fencing.sql,20261001100000,20261001100000,content_exact_same_version
20261001130000_combat2_character_persistent_stances.sql,20261001130000,20261001213148,content_match_other_version
20261001213148_dec8975a-1fb3-43c9-b5a8-73620bd1e0e8.sql,20261001213148,20261001213148,content_exact_same_version
20261001230000_combat2_stance_helper_privileges.sql,20261001230000,20261001230000,content_exact_same_version
20261002190000_combat2_legacy_browser_privileges.sql,20261002190000,,no_content_match
